party,variable,people_1,people_2,people_3,people_4,people_5,people_6,people_7,people_8,people_NA,pct_1,pct_2,pct_3,pct_4,pct_5,pct_6,pct_7,pct_8,pct_NA
Disillusioned Left,CC24_321a,2295.2794481567144,436.7912957577664,NA,NA,NA,NA,NA,NA,NA,0.8401244562459841,0.15987554375401594,NA,NA,NA,NA,NA,NA,NA
Disillusioned Left,CC24_321b,422.65262548455223,2309.418118429928,NA,NA,NA,NA,NA,NA,NA,0.15470046902188933,0.8452995309781107,NA,NA,NA,NA,NA,NA,NA
Disillusioned Left,CC24_321c,2658.1222837720716,73.94846014241013,NA,NA,NA,NA,NA,NA,NA,0.9729331825293596,0.02706681747064044,NA,NA,NA,NA,NA,NA,NA
Disillusioned Left,CC24_323a,2310.2054916357292,421.86525227875416,NA,NA,NA,NA,NA,NA,NA,0.845587727470662,0.1544122725293379,NA,NA,NA,NA,NA,NA,NA
Disillusioned Left,CC24_323b,1438.2351553511114,1293.8355885633669,NA,NA,NA,NA,NA,NA,NA,0.5264267620282868,0.4735732379717133,NA,NA,NA,NA,NA,NA,NA
Disillusioned Left,CC24_323c,395.8447687450037,2336.225975169481,NA,NA,NA,NA,NA,NA,NA,0.14488818403649428,0.8551118159635057,NA,NA,NA,NA,NA,NA,NA
Disillusioned Left,CC24_323d,2534.1975431296196,197.87320078486457,NA,NA,NA,NA,NA,NA,NA,0.9275739102929108,0.07242608970708929,NA,NA,NA,NA,NA,NA,NA
Disillusioned Left,CC24_324a,2511.5452547893974,220.52548912508615,NA,NA,NA,NA,NA,NA,NA,0.9192826578095414,0.0807173421904586,NA,NA,NA,NA,NA,NA,NA
Disillusioned Left,CC24_324c,125.6365918854791,2606.434152029005,NA,NA,NA,NA,NA,NA,NA,0.04598584870663643,0.9540141512933636,NA,NA,NA,NA,NA,NA,NA
Disillusioned Left,CC24_326a,2450.9601737562543,281.11057015823064,NA,NA,NA,NA,NA,NA,NA,0.8971071408804525,0.10289285911954758,NA,NA,NA,NA,NA,NA,NA
Disillusioned Left,CC24_326b,2568.706052553846,163.3646913606359,NA,NA,NA,NA,NA,NA,NA,0.9402048092186044,0.05979519078139563,NA,NA,NA,NA,NA,NA,NA
Disillusioned Left,CC24_326c,2444.19913030562,287.8716136088622,NA,NA,NA,NA,NA,NA,NA,0.8946324452798016,0.10536755472019832,NA,NA,NA,NA,NA,NA,NA
Disillusioned Left,CC24_326d,640.457851798669,2091.6128921158065,NA,NA,NA,NA,NA,NA,NA,0.23442213318423424,0.7655778668157659,NA,NA,NA,NA,NA,NA,NA
Disillusioned Left,CC24_328c,880.6740158622565,1851.396728052221,NA,NA,NA,NA,NA,NA,NA,0.3223467100271487,0.6776532899728513,NA,NA,NA,NA,NA,NA,NA
Disillusioned Left,CC24_328d,296.59443695315133,2435.4763069613346,NA,NA,NA,NA,NA,NA,NA,0.10856030635875612,0.8914396936412439,NA,NA,NA,NA,NA,NA,NA
Disillusioned Left,CC24_328e,2593.752388791601,138.31835512288143,NA,NA,NA,NA,NA,NA,NA,0.9493723376559788,0.05062766234402128,NA,NA,NA,NA,NA,NA,NA
Disillusioned Left,CC24_330a,974.1620271099246,595.0047500544066,349.00284133041237,594.8238350196523,93.23343031027684,27.814893640335494,8.591703312891495,89.43726313657902,NA,0.35656544739180385,0.21778526466774092,0.12774297375270935,0.2177190456523083,0.0341255549542224,0.01018088338389167,0.00314475872633568,0.03273607147098774,NA
Disillusioned Left,CC24_340c,2514.698139227733,217.37260468674856,NA,NA,NA,NA,NA,NA,NA,0.9204366851879906,0.07956331481200937,NA,NA,NA,NA,NA,NA,NA
Disillusioned Left,CC24_340f,802.6720062142598,1929.398737700216,NA,NA,NA,NA,NA,NA,NA,0.29379620128877104,0.706203798711229,NA,NA,NA,NA,NA,NA,NA
Disillusioned Left,CC24_341b,2302.367847441607,429.7028964728754,NA,NA,NA,NA,NA,NA,NA,0.8427189715237016,0.15728102847629838,NA,NA,NA,NA,NA,NA,NA
Disillusioned Left,CC24_341c,2387.2814129102317,344.78933100425235,NA,NA,NA,NA,NA,NA,NA,0.8737992668117219,0.12620073318827812,NA,NA,NA,NA,NA,NA,NA
Disillusioned Left,CC24_420_5,1602.2960092121075,1129.7747347023717,NA,NA,NA,NA,NA,NA,NA,0.5864767641105649,0.4135232358894352,NA,NA,NA,NA,NA,NA,NA
Disillusioned Left,CC24_420_6,1442.7172746339986,1289.3534692804794,NA,NA,NA,NA,NA,NA,NA,0.5280673195771244,0.4719326804228756,NA,NA,NA,NA,NA,NA,NA
Disillusioned Left,CC24_421_1,515.7500464268564,593.4111927331667,520.8521392166397,530.0129037634181,572.0444617743954,NA,NA,NA,NA,0.18877624145555483,0.2172019864620836,0.19064372340167493,0.1939967714759913,0.2093812772046954,NA,NA,NA,NA
Disillusioned Left,CC24_423,NA,NA,NA,NA,NA,NA,NA,2732.0707439144794,NA,NA,NA,NA,NA,NA,NA,NA,1,NA
Disillusioned Left,CC24_424,153.7466006629282,825.6580313176997,926.6085201820176,NA,NA,NA,NA,826.0575917518346,NA,0.05627475093951695,0.30220960901426225,0.3391597828299217,NA,NA,NA,NA,0.3023558572162991,NA
Disillusioned Left,CC24_440a,1793.0649085472432,679.3518246802943,187.54985738340247,29.95228899112611,42.15186431240949,NA,NA,NA,NA,0.6563025179861057,0.24865821142937455,0.06864751134323978,0.01096321867134774,0.01542854056993225,NA,NA,NA,NA
Disillusioned Left,CC24_440b,10.340662974709849,28.05030280847392,151.36894106330223,621.6890515474903,1920.6217855205016,NA,NA,NA,NA,0.0037849177213815,0.01026704849094931,0.05540447347509846,0.227552325624168,0.7029912346884027,NA,NA,NA,NA
Disillusioned Left,CC24_440c,19.271888199500413,70.82089295789828,328.7629400268425,425.2817179199342,1887.9333048102997,NA,NA,NA,NA,0.00705394918576958,0.02592205678262453,0.12033470976516342,0.1556627766199773,0.691026507646465,NA,NA,NA,NA
Disillusioned Left,CC24_440d,45.01496149205444,164.7678268959695,384.1164465401762,348.2856219846039,1789.885887001674,NA,NA,NA,NA,0.0164764992240126,0.06030877028458354,0.14059535149145472,0.12748045516771078,0.6551389238322384,NA,NA,NA,NA
Disillusioned Left,CC24_441a,62.332758938519106,181.7868094122641,477.6737902033349,600.879839829871,1409.3975455304883,NA,NA,NA,NA,0.02281520677213851,0.06653810477535518,0.17483946609630235,0.2199356810830373,0.5158715412731666,NA,NA,NA,NA
Disillusioned Left,CC24_441b,1563.3843325427088,786.2857574639174,261.7955658177169,78.5805754116935,42.02451267844038,NA,NA,NA,NA,0.5722342058766425,0.2877984617401733,0.09582312844601508,0.02876227696033384,0.01538192697683522,NA,NA,NA,NA
Disillusioned Left,CC24_443_1,986.7489765411294,721.9618257033052,892.8317755285333,92.73779809153064,37.790368049980344,NA,NA,NA,NA,0.3611725570207333,0.2642544404501352,0.326796726445412,0.03394414229503333,0.01383213378868614,NA,NA,NA,NA
Disillusioned Left,CC24_444a,886.1785457222446,1845.892198192232,NA,NA,NA,NA,NA,NA,NA,0.32436149308950146,0.6756385069104985,NA,NA,NA,NA,NA,NA,NA
Disillusioned Left,CC24_444b,735.0858830183021,1996.9848608961695,NA,NA,NA,NA,NA,NA,NA,0.26905814377452086,0.7309418562254791,NA,NA,NA,NA,NA,NA,NA
Disillusioned Left,CC24_445a,1139.7593644350031,1592.3113794794767,NA,NA,NA,NA,NA,NA,NA,0.417177837350569,0.5828221626494309,NA,NA,NA,NA,NA,NA,NA
Disillusioned Left,comptype,1631.1845231909904,148.7182639315901,952.1679567918968,NA,NA,NA,NA,NA,NA,0.5970506169448047,0.0544342653874725,0.34851511766772275,NA,NA,NA,NA,NA,NA
Disillusioned Left,educ,164.5677293139831,656.6181508461893,605.6363424916216,246.2229437004914,660.6735208590585,398.3520567031339,NA,NA,NA,0.06023553002079018,0.24033717000512028,0.2216766691860523,0.09012319474118234,0.24182152761990836,0.14580590842694646,NA,NA,NA
Disillusioned Left,gender4,1136.2519669842954,1509.2668318888989,81.82303501476147,4.728910026521971,NA,NA,NA,NA,NA,0.415894050150505,0.5524259703928601,0.02994909088537232,0.00173088857126241,NA,NA,NA,NA,NA
Disillusioned Left,hispanic,411.71908356538904,2320.3516603490953,NA,NA,NA,NA,NA,NA,NA,0.15069854412901543,0.8493014558709845,NA,NA,NA,NA,NA,NA,NA
Disillusioned Left,multrace_1,677.5377266502162,2054.5330172642584,NA,NA,NA,NA,NA,NA,NA,0.24799421031076568,0.7520057896892344,NA,NA,NA,NA,NA,NA,NA
Disillusioned Left,multrace_2,193.57479307225063,2538.495950842231,NA,NA,NA,NA,NA,NA,NA,0.07085277476925753,0.9291472252307426,NA,NA,NA,NA,NA,NA,NA
Disillusioned Left,multrace_3,140.54635794483778,2591.5243859696448,NA,NA,NA,NA,NA,NA,NA,0.05144316202568914,0.9485568379743108,NA,NA,NA,NA,NA,NA,NA
Disillusioned Left,multrace_4,74.4013258261292,2657.669418088353,NA,NA,NA,NA,NA,NA,NA,0.02723257660580478,0.9727674233941952,NA,NA,NA,NA,NA,NA,NA
Disillusioned Left,multrace_5,56.79922128737921,2675.271522627103,NA,NA,NA,NA,NA,NA,NA,0.02078980619879479,0.9792101938012052,NA,NA,NA,NA,NA,NA,NA
Disillusioned Left,multrace_8,15.926687635977796,2716.144056278503,NA,NA,NA,NA,NA,NA,NA,0.00582952973361085,0.994170470266389,NA,NA,NA,NA,NA,NA,NA
Disillusioned Left,multrace_97,NA,2687.0523292339267,NA,NA,NA,NA,NA,NA,45.018414680554265,NA,0.9835222368304958,NA,NA,NA,NA,NA,NA,0.0164777631695043
Disillusioned Left,multrace_98,17.411292343999346,2714.6594515704805,NA,NA,NA,NA,NA,NA,NA,0.00637292880602815,0.993627071193972,NA,NA,NA,NA,NA,NA,NA
Disillusioned Left,newsint,1338.516415478333,801.0926770778469,356.96067967437233,235.5009716839264,NA,NA,NA,NA,NA,0.4899274363446836,0.2932181309222069,0.13065572349086513,0.08619870924224436,NA,NA,NA,NA,NA
Disillusioned Left,pew_bornagain,402.11877734845353,2329.9519665660287,NA,NA,NA,NA,NA,NA,NA,0.14718461381139128,0.8528153861886087,NA,NA,NA,NA,NA,NA,NA
Disillusioned Left,pew_churatd,65.99688062431674,184.6973069584672,103.34074565589204,268.26814575616714,499.81388275772497,1584.158228993036,25.795553168873987,NA,NA,0.02415635860503275,0.06760341304114077,0.03782506213870094,0.09819223984361246,0.18294324327839245,0.5798379242271279,0.00944175886599277,NA,NA
Disillusioned Left,pew_religimp,482.3831113795262,401.26742804966506,435.8884469593139,1412.5317575259714,NA,NA,NA,NA,NA,0.17656318470303362,0.14687300061444752,0.1595450805694652,0.5170187341130537,NA,NA,NA,NA,NA
Disillusioned Left,pid3,1464.451198298157,129.98292421411293,807.5747717101527,208.01763928221052,122.04421040984758,NA,NA,NA,NA,0.5360224297120166,0.04757670514339422,0.2955907249140513,0.07613918480901603,0.04467095542152177,NA,NA,NA,NA
Disillusioned Left,pid7,1079.4503003788695,385.0008979192841,589.7081266391153,473.1480295469702,34.9762994392139,67.09172703258338,62.891197181529584,39.80416577691037,NA,0.39510334890971627,0.14091908080230003,0.21584658009045143,0.1731829348126797,0.01280212070537394,0.02455709727942666,0.02301960786396763,0.01456922953608421,NA
Disillusioned Left,race,1701.9117880455788,393.6798031435902,269.1310352098905,135.73250695015378,37.65738330735432,152.31312552835533,22.635098882179996,19.01000284737417,NA,0.6229384037131852,0.14409575741056055,0.0985080769996032,0.04968118312913008,0.01378345834976413,0.05575006645330236,0.0082849607509609,0.00695809319349354,NA
Disillusioned Left,region,560.320194204418,564.4903857232428,921.146766516656,686.1133974701629,NA,NA,NA,NA,NA,0.20508992874818377,0.20661631364437047,0.33716065682722673,0.251133100780219,NA,NA,NA,NA,NA
Disillusioned Left,votereg,1961.9107424787676,641.9940607263178,128.16594070939087,NA,NA,NA,NA,NA,NA,0.718103931550384,0.23498442057414548,0.04691164787547058,NA,NA,NA,NA,NA,NA
Faith-Based Conservatives,CC24_321a,776.0157880597749,2545.137213873652,NA,NA,NA,NA,NA,NA,NA,0.23365854798258712,0.7663414520174129,NA,NA,NA,NA,NA,NA,NA
Faith-Based Conservatives,CC24_321b,2336.313165209806,984.839836723618,NA,NA,NA,NA,NA,NA,NA,0.7034644787065549,0.29653552129344507,NA,NA,NA,NA,NA,NA,NA
Faith-Based Conservatives,CC24_321c,2621.8828745481787,699.2701273852483,NA,NA,NA,NA,NA,NA,NA,0.7894495896520984,0.2105504103479016,NA,NA,NA,NA,NA,NA,NA
Faith-Based Conservatives,CC24_323a,1046.4569147726238,2274.6960871608,NA,NA,NA,NA,NA,NA,NA,0.31508843891366173,0.6849115610863383,NA,NA,NA,NA,NA,NA,NA
Faith-Based Conservatives,CC24_323b,3001.19053738742,319.9624645460072,NA,NA,NA,NA,NA,NA,NA,0.9036592218546572,0.09634077814534268,NA,NA,NA,NA,NA,NA,NA
Faith-Based Conservatives,CC24_323c,2824.5081626662836,496.6448392671467,NA,NA,NA,NA,NA,NA,NA,0.8504601146113949,0.14953988538860502,NA,NA,NA,NA,NA,NA,NA
Faith-Based Conservatives,CC24_323d,1468.9359158561278,1852.217086077296,NA,NA,NA,NA,NA,NA,NA,0.44229697186518663,0.5577030281348133,NA,NA,NA,NA,NA,NA,NA
Faith-Based Conservatives,CC24_324a,1050.9733927081616,2270.179609225262,NA,NA,NA,NA,NA,NA,NA,0.3164483515502998,0.6835516484497002,NA,NA,NA,NA,NA,NA,NA
Faith-Based Conservatives,CC24_324c,719.8121105410069,2601.340891392419,NA,NA,NA,NA,NA,NA,NA,0.2167356066167276,0.7832643933832725,NA,NA,NA,NA,NA,NA,NA
Faith-Based Conservatives,CC24_326a,988.2321798209588,2332.920822112466,NA,NA,NA,NA,NA,NA,NA,0.2975569566489875,0.7024430433510125,NA,NA,NA,NA,NA,NA,NA
Faith-Based Conservatives,CC24_326b,1197.213162128683,2123.9398398047397,NA,NA,NA,NA,NA,NA,NA,0.3604811827192907,0.6395188172807093,NA,NA,NA,NA,NA,NA,NA
Faith-Based Conservatives,CC24_326c,835.4335981103777,2485.719403823048,NA,NA,NA,NA,NA,NA,NA,0.2515492654581183,0.7484507345418817,NA,NA,NA,NA,NA,NA,NA
Faith-Based Conservatives,CC24_326d,2670.3444122059964,650.8085897274289,NA,NA,NA,NA,NA,NA,NA,0.8040413707683575,0.19595862923164264,NA,NA,NA,NA,NA,NA,NA
Faith-Based Conservatives,CC24_328c,2149.511862374445,1171.6411395589769,NA,NA,NA,NA,NA,NA,NA,0.647218559675841,0.3527814403241589,NA,NA,NA,NA,NA,NA,NA
Faith-Based Conservatives,CC24_328d,2332.705845021757,988.4471569116674,NA,NA,NA,NA,NA,NA,NA,0.7023783136952022,0.2976216863047979,NA,NA,NA,NA,NA,NA,NA
Faith-Based Conservatives,CC24_328e,1979.137766391042,1342.0152355423786,NA,NA,NA,NA,NA,NA,NA,0.5959188767391567,0.4040811232608434,NA,NA,NA,NA,NA,NA,NA
Faith-Based Conservatives,CC24_330a,9.413955665473402,41.72536798436498,64.6841289309501,559.0024389264111,449.8828235647355,861.1812501414639,925.3077909752118,409.9552457448093,NA,0.00283454440671448,0.01256351874185694,0.01947640740829886,0.1683157742509863,0.13545983075842477,0.2593018899280233,0.27861040742071824,0.12343762708497694,NA
Faith-Based Conservatives,CC24_340c,1347.0420834644233,1974.1109184689992,NA,NA,NA,NA,NA,NA,NA,0.4055947084281384,0.5944052915718616,NA,NA,NA,NA,NA,NA,NA
Faith-Based Conservatives,CC24_340f,2893.3439989883095,427.8090029451172,NA,NA,NA,NA,NA,NA,NA,0.8711866021541115,0.12881339784588844,NA,NA,NA,NA,NA,NA,NA
Faith-Based Conservatives,CC24_341b,980.9628122550562,2340.1901896783693,NA,NA,NA,NA,NA,NA,NA,0.29536814825573643,0.7046318517442636,NA,NA,NA,NA,NA,NA,NA
Faith-Based Conservatives,CC24_341c,1292.1459669890328,2029.007034944389,NA,NA,NA,NA,NA,NA,NA,0.38906547401965674,0.6109345259803433,NA,NA,NA,NA,NA,NA,NA
Faith-Based Conservatives,CC24_420_5,1935.9895503974212,1385.1634515360006,NA,NA,NA,NA,NA,NA,NA,0.5829269381056451,0.4170730618943549,NA,NA,NA,NA,NA,NA,NA
Faith-Based Conservatives,CC24_420_6,584.0359921158605,2737.1170098175644,NA,NA,NA,NA,NA,NA,NA,0.17585338338097076,0.8241466166190292,NA,NA,NA,NA,NA,NA,NA
Faith-Based Conservatives,CC24_421_1,230.9232098027271,886.8021953319653,744.8507398990508,966.5205029064996,492.056353993177,NA,NA,NA,NA,0.0695310362600863,0.26701636293651954,0.2242747441823468,0.2910195652967017,0.14815829132434577,NA,NA,NA,NA
Faith-Based Conservatives,CC24_423,NA,NA,NA,NA,NA,NA,NA,3321.153001933429,NA,NA,NA,NA,NA,NA,NA,NA,1,NA
Faith-Based Conservatives,CC24_424,348.5477907561981,1376.4530326321576,1596.152178545063,NA,NA,NA,NA,NA,NA,0.10494782702070336,0.4144503525826276,0.480601820396669,NA,NA,NA,NA,NA,NA
Faith-Based Conservatives,CC24_440a,94.0045595272766,379.0502254376504,653.1150007841281,564.4526554357366,1630.5305607486298,NA,NA,NA,NA,0.02830479639828442,0.11413211773651648,0.19665309017799387,0.1699568358058597,0.4909531598813456,NA,NA,NA,NA
Faith-Based Conservatives,CC24_440b,695.6111621499313,929.9835467384144,691.9782824759827,636.8507204996963,366.729290069396,NA,NA,NA,NA,0.20944869499989277,0.28001827865112544,0.2083548340209395,0.1917559113142187,0.1104222810138236,NA,NA,NA,NA
Faith-Based Conservatives,CC24_440c,469.1804618113575,764.286691509335,1062.3418247535394,460.3935272007944,564.9504966583938,NA,NA,NA,NA,0.14127035446371258,0.23012691407604616,0.31987138928411113,0.1386246062535435,0.17010673592258652,NA,NA,NA,NA
Faith-Based Conservatives,CC24_440d,868.4412814209865,1103.9591384231646,874.7975235858078,268.1198782432431,205.83518026021855,NA,NA,NA,NA,0.26148788716310883,0.3324023728447593,0.26340175326958476,0.08073096243598417,0.0619770242865628,NA,NA,NA,NA
Faith-Based Conservatives,CC24_441a,1886.3992695547297,793.5436391930185,506.1504040917757,89.23958380107226,45.820105292825914,NA,NA,NA,NA,0.5679952921339533,0.23893618834514824,0.15240201333606682,0.0268700610146901,0.01379644517014168,NA,NA,NA,NA
Faith-Based Conservatives,CC24_441b,85.6844533269011,303.2283790822615,460.332129657619,735.9073118538381,1736.0007280127995,NA,NA,NA,NA,0.02579961033924653,0.09130214082450767,0.13860611943792872,0.22158187575984223,0.5227102536384748,NA,NA,NA,NA
Faith-Based Conservatives,CC24_443_1,162.21064215372115,246.7369949982989,1135.620711374653,717.7374948955367,1058.847158511209,NA,NA,NA,NA,0.04884166494566489,0.07429257093986946,0.3419356803837547,0.21611093932670483,0.3188191444040061,NA,NA,NA,NA
Faith-Based Conservatives,CC24_444a,2690.393128751048,630.759873182379,NA,NA,NA,NA,NA,NA,NA,0.8100780443372592,0.18992195566274084,NA,NA,NA,NA,NA,NA,NA
Faith-Based Conservatives,CC24_444b,2842.0671284102086,479.08587352322166,NA,NA,NA,NA,NA,NA,NA,0.8557471235910182,0.14425287640898168,NA,NA,NA,NA,NA,NA,NA
Faith-Based Conservatives,CC24_445a,3010.250929995478,310.902071937948,NA,NA,NA,NA,NA,NA,NA,0.9063873083363052,0.09361269166369476,NA,NA,NA,NA,NA,NA,NA
Faith-Based Conservatives,comptype,1936.7524143225965,251.68659232308744,1132.7139952877355,NA,NA,NA,NA,NA,NA,0.5831566366244223,0.07578289593299896,0.3410604674425787,NA,NA,NA,NA,NA,NA
Faith-Based Conservatives,educ,379.2473760677838,1000.0080171595904,679.7793473872462,286.7385209117269,641.7741112954834,333.60562911158917,NA,NA,NA,0.11419147984058664,0.3011026642185508,0.20468173161294,0.08633704040277614,0.19323834551490784,0.10044873841023874,NA,NA,NA
Faith-Based Conservatives,gender4,1862.5391719252511,1448.304262394917,2.672387069665138,7.637180543586989,NA,NA,NA,NA,NA,0.5608110107667331,0.4360847758449497,8.046564154404809e-4,0.00229955697287688,NA,NA,NA,NA,NA
Faith-Based Conservatives,hispanic,446.8537785858022,2874.2992233476234,NA,NA,NA,NA,NA,NA,NA,0.1345477845572499,0.8654522154427502,NA,NA,NA,NA,NA,NA,NA
Faith-Based Conservatives,multrace_1,993.0978799218882,2328.055122011536,NA,NA,NA,NA,NA,NA,NA,0.2990220201670178,0.7009779798329822,NA,NA,NA,NA,NA,NA,NA
Faith-Based Conservatives,multrace_2,60.33383882612895,3260.8191631073005,NA,NA,NA,NA,NA,NA,NA,0.01816653396907797,0.981833466030922,NA,NA,NA,NA,NA,NA,NA
Faith-Based Conservatives,multrace_3,102.50568685318387,3218.6473150802453,NA,NA,NA,NA,NA,NA,NA,0.03086448796352037,0.9691355120364796,NA,NA,NA,NA,NA,NA,NA
Faith-Based Conservatives,multrace_4,39.98090362308261,3281.172098310348,NA,NA,NA,NA,NA,NA,NA,0.01203826008612294,0.987961739913877,NA,NA,NA,NA,NA,NA,NA
Faith-Based Conservatives,multrace_5,83.35246593695071,3237.800535996478,NA,NA,NA,NA,NA,NA,NA,0.02509744835255303,0.9749025516474468,NA,NA,NA,NA,NA,NA,NA
Faith-Based Conservatives,multrace_8,3.9136839001411223,3317.2393180332874,NA,NA,NA,NA,NA,NA,NA,0.00117841120173107,0.9988215887982688,NA,NA,NA,NA,NA,NA,NA
Faith-Based Conservatives,multrace_97,NA,3294.3060573805415,NA,NA,NA,NA,NA,NA,26.846944552887805,NA,0.9919163782766832,NA,NA,NA,NA,NA,NA,0.00808362172331678
Faith-Based Conservatives,multrace_98,39.7356607055352,3281.4173412278947,NA,NA,NA,NA,NA,NA,NA,0.01196441738227743,0.9880355826177224,NA,NA,NA,NA,NA,NA,NA
Faith-Based Conservatives,newsint,1728.9062243404571,750.9344267001131,433.0865085122576,408.22584238059653,NA,NA,NA,NA,NA,0.5205740968073336,0.22610654380058767,0.13040245609284917,0.12291690329922952,NA,NA,NA,NA,NA
Faith-Based Conservatives,pew_bornagain,1504.957643309238,1816.1953586241812,NA,NA,NA,NA,NA,NA,NA,0.45314312301574855,0.5468568769842514,NA,NA,NA,NA,NA,NA,NA
Faith-Based Conservatives,pew_churatd,389.16691930177655,702.2619020532403,193.37445679917175,444.6927965336235,615.7822978994333,871.3536227559624,104.52100659021322,NA,NA,0.1171782567907054,0.21145123444912536,0.05822509733414815,0.13389711232055374,0.1854122039969111,0.26236479386788286,0.03147130124067332,NA,NA
Faith-Based Conservatives,pew_religimp,1736.903261651296,729.7461477251117,409.9705253680013,444.5330671890122,NA,NA,NA,NA,NA,0.5229820067428846,0.21972674769885256,0.12344222778334377,0.133849017774919,NA,NA,NA,NA,NA
Faith-Based Conservatives,pid3,204.2938150917033,1461.3357315532835,1110.577014788457,243.88172203924825,301.06471846072924,NA,NA,NA,NA,0.06151291884859652,0.440008554469656,0.334395017074471,0.07343284753736778,0.09065066206990864,NA,NA,NA,NA
Faith-Based Conservatives,pid7,99.02015202822422,105.27366306347898,77.80992556806343,679.7656486888334,733.4446543610018,371.23875036531985,1090.0969811879636,164.50322667053507,NA,0.02981499255547073,0.03169792629312578,0.02342858806046157,0.20467760693141976,0.22084036897246964,0.11178008063741778,0.32822847383223835,0.04953196271739633,NA
Faith-Based Conservatives,race,2391.742567180538,318.3516721363227,316.11338282978613,59.4997196456862,40.56274733838219,88.47635912690843,93.936736482327575,12.469817193474803,NA,0.7201542855111382,0.09585576814768627,0.09518181867735669,0.01791538047510853,0.01221345337440593,0.02664025387430253,0.02828437486247753,0.00375466507752441,NA
Faith-Based Conservatives,region,344.96878086083893,588.3288506123922,1860.0175355294257,527.8378349307645,NA,NA,NA,NA,NA,0.10387018624556414,0.1771459641485636,0.5600517454169108,0.15893210418896142,NA,NA,NA,NA,NA
Faith-Based Conservatives,votereg,2308.133124294422,880.888567287237,132.13131035176468,NA,NA,NA,NA,NA,NA,0.6949794613348835,0.2652357680523673,0.03978477061274921,NA,NA,NA,NA,NA,NA
MAGA Right,CC24_321a,1143.17477482289,2971.237701605113,NA,NA,NA,NA,NA,NA,NA,0.27784641947599686,0.7221535805240031,NA,NA,NA,NA,NA,NA,NA
MAGA Right,CC24_321b,2869.610667627949,1244.8018088000567,NA,NA,NA,NA,NA,NA,NA,0.6974533263420513,0.3025466736579488,NA,NA,NA,NA,NA,NA,NA
MAGA Right,CC24_321c,3265.607917327687,848.8045591003142,NA,NA,NA,NA,NA,NA,NA,0.7936996924923729,0.2063003075076271,NA,NA,NA,NA,NA,NA,NA
MAGA Right,CC24_323a,1119.3174144496445,2995.095061978362,NA,NA,NA,NA,NA,NA,NA,0.2720479341491298,0.7279520658508702,NA,NA,NA,NA,NA,NA,NA
MAGA Right,CC24_323b,3612.9029756053505,501.5095008226628,NA,NA,NA,NA,NA,NA,NA,0.8781090851498546,0.1218909148501454,NA,NA,NA,NA,NA,NA,NA
MAGA Right,CC24_323c,3385.0424918794824,729.3699845485256,NA,NA,NA,NA,NA,NA,NA,0.8227280349923157,0.17727196500768433,NA,NA,NA,NA,NA,NA,NA
MAGA Right,CC24_323d,1481.1458810653248,2633.2665953626833,NA,NA,NA,NA,NA,NA,NA,0.35998964361278746,0.6400103563872126,NA,NA,NA,NA,NA,NA,NA
MAGA Right,CC24_324a,1422.7722646056673,2691.640211822346,NA,NA,NA,NA,NA,NA,NA,0.3458020489576358,0.6541979510423642,NA,NA,NA,NA,NA,NA,NA
MAGA Right,CC24_324c,865.5996917418418,3248.8127846861653,NA,NA,NA,NA,NA,NA,NA,0.21038233203427528,0.7896176679657247,NA,NA,NA,NA,NA,NA,NA
MAGA Right,CC24_326a,1010.933181612592,3103.4792948154136,NA,NA,NA,NA,NA,NA,NA,0.245705355844694,0.7542946441553059,NA,NA,NA,NA,NA,NA,NA
MAGA Right,CC24_326b,1363.629960814215,2750.782515613793,NA,NA,NA,NA,NA,NA,NA,0.33142762633222234,0.6685723736677778,NA,NA,NA,NA,NA,NA,NA
MAGA Right,CC24_326c,1019.3003420760524,3095.1121343519526,NA,NA,NA,NA,NA,NA,NA,0.24773897802316963,0.7522610219768304,NA,NA,NA,NA,NA,NA,NA
MAGA Right,CC24_326d,3322.372666977102,792.0398094509064,NA,NA,NA,NA,NA,NA,NA,0.8074962551789343,0.19250374482106572,NA,NA,NA,NA,NA,NA,NA
MAGA Right,CC24_328c,2500.313905276578,1614.0985711514325,NA,NA,NA,NA,NA,NA,NA,0.607696462034663,0.392303537965337,NA,NA,NA,NA,NA,NA,NA
MAGA Right,CC24_328d,2995.924226439064,1118.488249988941,NA,NA,NA,NA,NA,NA,NA,0.7281535926704229,0.271846407329577,NA,NA,NA,NA,NA,NA,NA
MAGA Right,CC24_328e,2418.7409920977807,1695.6714843302311,NA,NA,NA,NA,NA,NA,NA,0.5878703231518603,0.41212967684813984,NA,NA,NA,NA,NA,NA,NA
MAGA Right,CC24_330a,50.62888488931198,71.83386752911613,51.97417468876509,904.901759172577,468.0013259651069,975.1918729376946,1052.187125208202,539.6934660372298,NA,0.01230525261610773,0.01745908266141559,0.01263222270166926,0.2199346235597124,0.11374681771610078,0.23701849985257772,0.2557320470993895,0.13117145379302703,NA
MAGA Right,CC24_340c,1617.125796011686,2497.286680416324,NA,NA,NA,NA,NA,NA,NA,0.3930392991165578,0.6069607008834421,NA,NA,NA,NA,NA,NA,NA
MAGA Right,CC24_340f,3473.067464606789,641.3450118212235,NA,NA,NA,NA,NA,NA,NA,0.8441223344777488,0.15587766552225132,NA,NA,NA,NA,NA,NA,NA
MAGA Right,CC24_341b,1214.1143824043002,2900.2980940237076,NA,NA,NA,NA,NA,NA,NA,0.2950881539855607,0.7049118460144392,NA,NA,NA,NA,NA,NA,NA
MAGA Right,CC24_341c,1585.185097313192,2529.227379114817,NA,NA,NA,NA,NA,NA,NA,0.3852761740333326,0.6147238259666675,NA,NA,NA,NA,NA,NA,NA
MAGA Right,CC24_420_5,1976.1490212375231,2138.263455190489,NA,NA,NA,NA,NA,NA,NA,0.4802992000824249,0.519700799917575,NA,NA,NA,NA,NA,NA,NA
MAGA Right,CC24_420_6,630.660346247662,3483.7521301803454,NA,NA,NA,NA,NA,NA,NA,0.15328077820607325,0.8467192217939267,NA,NA,NA,NA,NA,NA,NA
MAGA Right,CC24_421_1,210.41097823315883,811.2136131608564,1184.8140546614077,971.2426601506166,936.7311702219648,NA,NA,NA,NA,0.05113998157419322,0.19716390075336468,0.28796676595974735,0.23605865131777384,0.22767070039492096,NA,NA,NA,NA
MAGA Right,CC24_423,NA,27.726603990314963,1033.6559402924838,NA,NA,NA,NA,3053.0299321452044,NA,NA,0.00673889750946562,0.2512280784229659,NA,NA,NA,NA,0.7420330240675684,NA
MAGA Right,CC24_424,NA,NA,NA,NA,NA,NA,NA,4114.412476428013,NA,NA,NA,NA,NA,NA,NA,NA,1,NA
MAGA Right,CC24_440a,387.25106668270513,280.9404801492644,830.6235368966591,619.9202415008117,1995.677151198566,NA,NA,NA,NA,0.09412062327277974,0.06828204069446324,0.20188144520157064,0.15067041650598084,0.4850454743252056,NA,NA,NA,NA
MAGA Right,CC24_440b,951.0380753807912,1101.759538523395,858.6345408763982,560.3437383786742,642.6365832687445,NA,NA,NA,NA,0.23114796604118096,0.2677805263413711,0.20868946557877355,0.13619046257247064,0.1561915794662037,NA,NA,NA,NA
MAGA Right,CC24_440c,757.9582411179375,952.905822856469,1361.168441065379,403.1766002859073,639.2033711023101,NA,NA,NA,NA,0.18422028551108513,0.23160191845513511,0.33082935871492897,0.09799129343393688,0.1553571438849139,NA,NA,NA,NA
MAGA Right,CC24_440d,1306.0347910401445,1204.5424355618331,1003.1761205664312,254.502802216011,346.1563270435855,NA,NA,NA,NA,0.31742923163941017,0.2927617108062963,0.24382001715038423,0.06185641417191156,0.08413262623199773,NA,NA,NA,NA
MAGA Right,CC24_441a,2163.7427633274597,762.9418276953986,938.9766478949904,81.45276572507392,167.29847178508433,NA,NA,NA,NA,0.5258934965134919,0.1854315365963888,0.22821645940325797,0.01979693727639783,0.04066157021046348,NA,NA,NA,NA
MAGA Right,CC24_441b,243.36637237336376,390.6696286362654,749.4651510257877,654.9400334952537,2075.9712908973383,NA,NA,NA,NA,0.05914972642330844,0.0949514981481466,0.18215605637975496,0.15918190926347034,0.5045608097853195,NA,NA,NA,NA
MAGA Right,CC24_443_1,315.3189909834176,276.23080317729307,1227.7043824408286,702.9727709079108,1592.1855289185569,NA,NA,NA,NA,0.07663767130542216,0.06713736280935724,0.29839117722749076,0.1708561732532485,0.38697761540448133,NA,NA,NA,NA
MAGA Right,CC24_444a,3191.932258326468,922.480218101536,NA,NA,NA,NA,NA,NA,NA,0.7757929659735033,0.2242070340264967,NA,NA,NA,NA,NA,NA,NA
MAGA Right,CC24_444b,3395.2862541020036,719.1262223260057,NA,NA,NA,NA,NA,NA,NA,0.8252177616012076,0.17478223839879228,NA,NA,NA,NA,NA,NA,NA
MAGA Right,CC24_445a,3417.367392998568,697.0450834294429,NA,NA,NA,NA,NA,NA,NA,0.8305845397312732,0.16941546026872664,NA,NA,NA,NA,NA,NA,NA
MAGA Right,comptype,2338.378011331675,292.7572182436053,1483.2772468527276,NA,NA,NA,NA,NA,NA,0.5683382560033882,0.0711540760487308,0.36050766794788114,NA,NA,NA,NA,NA,NA
MAGA Right,educ,344.20728999744415,1189.1311018093938,945.134081673998,403.13290086111425,841.6257470810074,391.18135500504496,NA,NA,NA,0.08365891654506007,0.2890160159250145,0.22971301178206913,0.09798067237320382,0.204555511121646,0.09507587225300652,NA,NA,NA
MAGA Right,gender4,2127.2662438768157,1977.8003934835183,4.0874728113228675,5.258366256354373,NA,NA,NA,NA,NA,0.5170279489633556,0.4807005629150179,9.93452366465568e-4,0.00127803575516072,NA,NA,NA,NA,NA
MAGA Right,hispanic,511.718151576908,3602.694324851108,NA,NA,NA,NA,NA,NA,NA,0.12437210768453706,0.8756278923154629,NA,NA,NA,NA,NA,NA,NA
MAGA Right,multrace_1,1440.6100281696342,2673.802448258373,NA,NA,NA,NA,NA,NA,NA,0.3501374829147716,0.6498625170852285,NA,NA,NA,NA,NA,NA,NA
MAGA Right,multrace_2,129.14783351421377,3985.264642913799,NA,NA,NA,NA,NA,NA,NA,0.03138913131683271,0.9686108686831671,NA,NA,NA,NA,NA,NA,NA
MAGA Right,multrace_3,223.6805509965047,3890.731925431508,NA,NA,NA,NA,NA,NA,NA,0.05436512558670254,0.9456348744132972,NA,NA,NA,NA,NA,NA,NA
MAGA Right,multrace_4,105.90261102827996,4008.509865399734,NA,NA,NA,NA,NA,NA,NA,0.02573942492032807,0.974260575079672,NA,NA,NA,NA,NA,NA,NA
MAGA Right,multrace_5,137.48989011797195,3976.922586310042,NA,NA,NA,NA,NA,NA,NA,0.0334166520507287,0.9665833479492713,NA,NA,NA,NA,NA,NA,NA
MAGA Right,multrace_8,22.439508030519473,4091.9729683974942,NA,NA,NA,NA,NA,NA,NA,0.0054538790554127,0.9945461209445872,NA,NA,NA,NA,NA,NA,NA
MAGA Right,multrace_97,NA,4067.154851940037,NA,NA,NA,NA,NA,NA,47.257624487977935,NA,0.9885141257084158,NA,NA,NA,NA,NA,NA,0.01148587429158422
MAGA Right,multrace_98,89.42667978262567,4024.9857966453887,NA,NA,NA,NA,NA,NA,NA,0.02173498167598955,0.9782650183240106,NA,NA,NA,NA,NA,NA,NA
MAGA Right,newsint,2194.529018904367,838.2771235806384,519.5145846647272,562.0917492782764,NA,NA,NA,NA,NA,0.5333760364273398,0.20374163465214884,0.12626701567747328,0.13661531324303805,NA,NA,NA,NA,NA
MAGA Right,pew_bornagain,1534.461016663788,2579.9514597642196,NA,NA,NA,NA,NA,NA,NA,0.37294778427173025,0.6270522157282697,NA,NA,NA,NA,NA,NA,NA
MAGA Right,pew_churatd,382.9893960271966,769.738411208157,247.6771819702641,443.99158121862865,818.5262369424422,1320.8438810448447,130.64578801647016,NA,NA,0.09308483245697705,0.18708343308263015,0.06019746036384014,0.10791129566185048,0.19894121982953436,0.32102855234182975,0.03175320626333811,NA,NA
MAGA Right,pew_religimp,1940.32835098136,915.2650082319255,505.9913709521656,752.8277462625567,NA,NA,NA,NA,NA,0.47159305541137353,0.22245339121334945,0.12298022472249792,0.18297332865277913,NA,NA,NA,NA,NA
MAGA Right,pid3,296.6872331211698,1721.583092959496,1323.9036108124142,354.357887349159,417.88065218577145,NA,NA,NA,NA,0.07210925856873332,0.4184274432431515,0.3217722137479471,0.0861259996121731,0.1015650848279949,NA,NA,NA,NA
MAGA Right,pid7,160.2757237257684,136.41150939540174,84.8624381017812,1107.438066630624,712.9049053848639,384.76016093071553,1336.822932028779,190.93674023007188,NA,0.03895470486831558,0.03315455370041791,0.02062565155729255,0.2691606816222919,0.17327015934089912,0.09351521344421727,0.32491222979893436,0.04640680566763124,NA
MAGA Right,race,2953.2565377755686,312.0440251064612,334.4231055079321,141.68055347454447,68.20475281671175,183.76490639595448,118.34532534186113,2.6932700089733275,NA,0.7177832934094845,0.07584169717892922,0.08128088941589708,0.03443518467976907,0.01657703334497098,0.04466370531607295,0.02876360258478617,6.545940700898157e-4,NA
MAGA Right,region,806.9615401386552,870.3597933100106,995.7533744952362,1441.3377684841046,NA,NA,NA,NA,NA,0.19613044262378668,0.2115392655200257,0.24201593306457095,0.3503143587916166,NA,NA,NA,NA,NA
MAGA Right,votereg,2905.1282790673417,994.2899559016644,214.9942414590008,NA,NA,NA,NA,NA,NA,0.7060858131534433,0.24166025200391988,0.05225393484263675,NA,NA,NA,NA,NA,NA
Moderate Left,CC24_321a,6283.374896846172,1435.8539937188698,NA,NA,NA,NA,NA,NA,NA,0.8139899704912408,0.18601002950875917,NA,NA,NA,NA,NA,NA,NA
Moderate Left,CC24_321b,1371.239392522587,6347.989498042452,NA,NA,NA,NA,NA,NA,NA,0.1776394264197306,0.8223605735802694,NA,NA,NA,NA,NA,NA,NA
Moderate Left,CC24_321c,7510.087434432673,209.14145613237653,NA,NA,NA,NA,NA,NA,NA,0.9729064315753088,0.0270935684246911,NA,NA,NA,NA,NA,NA,NA
Moderate Left,CC24_323a,6124.343650052916,1594.885240512137,NA,NA,NA,NA,NA,NA,NA,0.7933880102374591,0.20661198976254097,NA,NA,NA,NA,NA,NA,NA
Moderate Left,CC24_323b,5525.093843468827,2194.1350470962143,NA,NA,NA,NA,NA,NA,NA,0.7157572241732548,0.28424277582674523,NA,NA,NA,NA,NA,NA,NA
Moderate Left,CC24_323c,1279.831115520096,6439.397775044961,NA,NA,NA,NA,NA,NA,NA,0.16579779323351698,0.8342022067664829,NA,NA,NA,NA,NA,NA,NA
Moderate Left,CC24_323d,7115.597688803968,603.6312017610977,NA,NA,NA,NA,NA,NA,NA,0.9218016190064148,0.0781983809935853,NA,NA,NA,NA,NA,NA,NA
Moderate Left,CC24_324a,6828.391079399674,890.8378111653766,NA,NA,NA,NA,NA,NA,NA,0.884594973954689,0.11540502604531098,NA,NA,NA,NA,NA,NA,NA
Moderate Left,CC24_324c,327.40229404453106,7391.826596520526,NA,NA,NA,NA,NA,NA,NA,0.04241386007412002,0.95758613992588,NA,NA,NA,NA,NA,NA,NA
Moderate Left,CC24_326a,6805.211545226098,914.0173453389548,NA,NA,NA,NA,NA,NA,NA,0.881592143684698,0.11840785631530198,NA,NA,NA,NA,NA,NA,NA
Moderate Left,CC24_326b,7015.522087268928,703.706803296127,NA,NA,NA,NA,NA,NA,NA,0.9088371632357938,0.09116283676420624,NA,NA,NA,NA,NA,NA,NA
Moderate Left,CC24_326c,6262.972764414509,1456.256126150535,NA,NA,NA,NA,NA,NA,NA,0.8113469432250586,0.18865305677494135,NA,NA,NA,NA,NA,NA,NA
Moderate Left,CC24_326d,2408.8639824322727,5310.364908132773,NA,NA,NA,NA,NA,NA,NA,0.31206018328806734,0.6879398167119327,NA,NA,NA,NA,NA,NA,NA
Moderate Left,CC24_328c,3208.97572693047,4510.253163634575,NA,NA,NA,NA,NA,NA,NA,0.4157119541891929,0.5842880458108072,NA,NA,NA,NA,NA,NA,NA
Moderate Left,CC24_328d,875.8181478874294,6843.410742677623,NA,NA,NA,NA,NA,NA,NA,0.11345927945703382,0.8865407205429662,NA,NA,NA,NA,NA,NA,NA
Moderate Left,CC24_328e,7189.688489213413,529.5404013516364,NA,NA,NA,NA,NA,NA,NA,0.931399831659497,0.06860016834050298,NA,NA,NA,NA,NA,NA,NA
Moderate Left,CC24_330a,668.8098949391227,1721.6357780181722,1863.965086287188,2826.8294895608306,286.9838757341483,58.939270740369345,30.39295073016073,261.6725445550461,NA,0.08664206029135724,0.2230320932862182,0.24147037388222176,0.3662062013753695,0.03717779065793985,0.00763538321974218,0.00393730399254115,0.03389879329461003,NA
Moderate Left,CC24_340c,6909.264963312696,809.9639272523613,NA,NA,NA,NA,NA,NA,NA,0.8950719121384842,0.10492808786151578,NA,NA,NA,NA,NA,NA,NA
Moderate Left,CC24_340f,3590.194556441324,4129.034334123715,NA,NA,NA,NA,NA,NA,NA,0.465097564450965,0.534902435549035,NA,NA,NA,NA,NA,NA,NA
Moderate Left,CC24_341b,6150.047709783335,1569.181180781695,NA,NA,NA,NA,NA,NA,NA,0.7967178842565926,0.20328211574340743,NA,NA,NA,NA,NA,NA,NA
Moderate Left,CC24_341c,6466.046990038612,1253.1819005264276,NA,NA,NA,NA,NA,NA,NA,0.8376545224539007,0.1623454775460993,NA,NA,NA,NA,NA,NA,NA
Moderate Left,CC24_420_5,5625.452939823138,2093.775950741907,NA,NA,NA,NA,NA,NA,NA,0.7287584057390681,0.2712415942609318,NA,NA,NA,NA,NA,NA,NA
Moderate Left,CC24_420_6,4638.738504765644,3080.490385799396,NA,NA,NA,NA,NA,NA,NA,0.6009328872778241,0.39906711272217593,NA,NA,NA,NA,NA,NA,NA
Moderate Left,CC24_421_1,2229.5313033440884,2727.1645268431334,1459.4343459487122,908.171516175962,394.9271982531439,NA,NA,NA,NA,0.28882824113029887,0.35329494247494814,0.18906478440256264,0.11765054891505942,0.05116148307713099,NA,NA,NA,NA
Moderate Left,CC24_423,66.4420644582585,2172.044089529428,5479.4827509571105,NA,NA,NA,NA,1.259985620240251,NA,0.00860734477500317,0.2813809669751142,0.7098484613734546,NA,NA,NA,NA,1.6322687642807048e-4,NA
Moderate Left,CC24_424,148.02854444953186,3185.107382537672,4386.092963577827,NA,NA,NA,NA,NA,NA,0.01917659737107452,0.4126198908845322,0.5682035117443932,NA,NA,NA,NA,NA,NA
Moderate Left,CC24_440a,2842.960409387466,3610.435524893744,922.1939470656996,228.09928815765429,115.53972106046947,NA,NA,NA,NA,0.36829590749178653,0.4677197134686165,0.11946710741961124,0.0295494914571652,0.0149677801628204,NA,NA,NA,NA
Moderate Left,CC24_440b,93.86468564285958,299.0262969553929,934.9037240054956,3625.8924567454774,2765.5417272158097,NA,NA,NA,NA,0.01215985261916347,0.03873784560539242,0.12111361604372146,0.46972210672199255,0.35826657900973014,NA,NA,NA,NA
Moderate Left,CC24_440c,100.32914887403317,361.35787600992495,1698.7472475891634,2315.5423362885754,3243.2522818033385,NA,NA,NA,NA,0.01299730197101192,0.04681269089605582,0.22006696156729944,0.29997067959971857,0.42015236596591415,NA,NA,NA,NA
Moderate Left,CC24_440d,130.12914200212762,715.0289817773936,1954.7469240365224,2500.275762331152,2419.048080417838,NA,NA,NA,NA,0.01685779031130691,0.0926295867002144,0.25323085398150935,0.32390227026266305,0.31337949874430626,NA,NA,NA,NA
Moderate Left,CC24_441a,124.81036725061368,793.4037002473223,2377.3049909158653,2759.248422884514,1664.461409266715,NA,NA,NA,NA,0.01616876102782305,0.10278276645185046,0.3079718226546657,0.35745130271458286,0.21562534715107795,NA,NA,NA,NA
Moderate Left,CC24_441b,2362.7337718257645,3946.5180945475768,1032.1324554631758,280.79933999058045,97.04522873794387,NA,NA,NA,NA,0.306084170494498,0.5112580738953441,0.13370926942258665,0.03637660496552864,0.01257188122204266,NA,NA,NA,NA
Moderate Left,CC24_443_1,1171.9848249541683,2194.0584935987094,3764.416654852403,492.77867406002434,95.99024309973645,NA,NA,NA,NA,0.15182667097573008,0.2842328585800111,0.4876674481635757,0.063837810880609,0.01243521140007419,NA,NA,NA,NA
Moderate Left,CC24_444a,3222.998204346188,4496.2306862188625,NA,NA,NA,NA,NA,NA,NA,0.41752851872102775,0.5824714812789722,NA,NA,NA,NA,NA,NA,NA
Moderate Left,CC24_444b,3050.908921382312,4668.319969182722,NA,NA,NA,NA,NA,NA,NA,0.39523493403743215,0.6047650659625677,NA,NA,NA,NA,NA,NA,NA
Moderate Left,CC24_445a,4081.5335596124855,3637.695330952553,NA,NA,NA,NA,NA,NA,NA,0.5287488708362063,0.4712511291637936,NA,NA,NA,NA,NA,NA,NA
Moderate Left,comptype,4575.783161011799,515.0929948490839,2628.35273470415,NA,NA,NA,NA,NA,NA,0.5927772353796417,0.06672855568237723,0.34049420893798105,NA,NA,NA,NA,NA,NA
Moderate Left,educ,462.2568876924228,1744.1494227769963,1728.9129735805457,809.7192220342457,1833.1366561365344,1141.0537283442825,NA,NA,NA,0.05988381666689855,0.2259486598342505,0.2239748293632985,0.10489638712798637,0.23747665500334103,0.14781965200422503,NA,NA,NA
Moderate Left,gender4,3775.189073380713,3872.4611761876695,62.47430881385046,9.104332182808722,NA,NA,NA,NA,NA,0.4890629785567056,0.5016642505472083,0.00809333544833872,0.00117943544774746,NA,NA,NA,NA,NA
Moderate Left,hispanic,1091.584649400623,6627.644241164418,NA,NA,NA,NA,NA,NA,NA,0.14141110010804717,0.8585888998919529,NA,NA,NA,NA,NA,NA,NA
Moderate Left,multrace_1,1643.3923708075083,6075.83651975754,NA,NA,NA,NA,NA,NA,NA,0.21289592446418723,0.7871040755358127,NA,NA,NA,NA,NA,NA,NA
Moderate Left,multrace_2,570.023099821984,7149.20579074308,NA,NA,NA,NA,NA,NA,NA,0.07384456503404152,0.9261554349659584,NA,NA,NA,NA,NA,NA,NA
Moderate Left,multrace_3,309.82262147349985,7409.406269091565,NA,NA,NA,NA,NA,NA,NA,0.04013647293866164,0.9598635270613384,NA,NA,NA,NA,NA,NA,NA
Moderate Left,multrace_4,210.26874832132685,7508.96014224373,NA,NA,NA,NA,NA,NA,NA,0.02723960531580181,0.9727603946841982,NA,NA,NA,NA,NA,NA,NA
Moderate Left,multrace_5,96.26011090849032,7622.968779656564,NA,NA,NA,NA,NA,NA,NA,0.01247017186213324,0.9875298281378668,NA,NA,NA,NA,NA,NA,NA
Moderate Left,multrace_8,21.70173771710866,7697.527152847944,NA,NA,NA,NA,NA,NA,NA,0.00281138673626247,0.9971886132637376,NA,NA,NA,NA,NA,NA,NA
Moderate Left,multrace_97,NA,7640.1013639174125,NA,NA,NA,NA,NA,NA,79.12752664763842,NA,0.989749296494582,NA,NA,NA,NA,NA,NA,0.01025070350541791
Moderate Left,multrace_98,39.93761975606393,7679.291270808991,NA,NA,NA,NA,NA,NA,NA,0.00517378358930103,0.9948262164106988,NA,NA,NA,NA,NA,NA,NA
Moderate Left,newsint,2841.0698579395344,2497.0676252793214,1469.138375049723,911.9530322964524,NA,NA,NA,NA,NA,0.36805099294465593,0.32348666695599715,0.19032190855817271,0.11814043154117423,NA,NA,NA,NA,NA
Moderate Left,pew_bornagain,1300.1459662627465,6419.082924302298,NA,NA,NA,NA,NA,NA,NA,0.16842951345203294,0.8315704865479671,NA,NA,NA,NA,NA,NA,NA
Moderate Left,pew_churatd,151.98203551617735,560.7328959369866,403.74431517542104,890.0378491932116,1888.9011483718684,3678.940103218674,144.89054315269163,NA,NA,0.01968875876992586,0.0726410505358058,0.0523037107591025,0.11530139367690946,0.24470075640335173,0.476594249940603,0.01877007991430164,NA,NA
Moderate Left,pew_religimp,1282.4961061817569,1732.465071131462,1767.7151827382577,2936.552530513559,NA,NA,NA,NA,NA,0.16614303376200054,0.22443499158950944,0.22900152434900317,0.3804204502994868,NA,NA,NA,NA,NA
Moderate Left,pid3,4021.9332282812247,250.1156059989536,2720.0162914546063,236.88578896155448,490.2779758687011,NA,NA,NA,NA,0.5210278494523075,0.0324016309847557,0.3523689127523078,0.03068775292453009,0.06351385388609888,NA,NA,NA,NA
Moderate Left,pid7,2424.3658312990497,1597.5673969821723,1818.1369459381344,1222.547223524236,188.06808444000467,174.6068943659165,75.5087116330371,218.42780238247784,NA,0.31406839538885495,0.206959454063453,0.2355334932690474,0.15837685873242044,0.02436358438209733,0.02261973272736258,0.00978189825739317,0.0282965831793711,NA
Moderate Left,race,4596.953031207647,1407.7592859258768,773.158321459707,461.5128851929769,48.98550692721702,319.3203351565845,93.3964253748176,18.143099320210304,NA,0.5955197204770484,0.18237045511716016,0.1001600460901883,0.05978743365895902,0.00634590677665879,0.04136686962954026,0.01209919108487287,0.00235037716557233,NA
Moderate Left,region,1406.581533550309,1601.2995232020312,2738.6195974914876,1972.7282363211975,NA,NA,NA,NA,NA,0.18221788127950575,0.2074429383949542,0.35477890814182456,0.25556027218371546,NA,NA,NA,NA,NA
Moderate Left,votereg,5268.754455981315,2001.9046256953015,448.5698088884276,NA,NA,NA,NA,NA,NA,0.6825493233425346,0.25933997476641263,0.05811070189105281,NA,NA,NA,NA,NA,NA
Nationalist Right,CC24_321a,2332.73494755336,7597.080169104936,NA,NA,NA,NA,NA,NA,NA,0.2349222941361672,0.7650777058638327,NA,NA,NA,NA,NA,NA,NA
Nationalist Right,CC24_321b,6641.271566510224,3288.543550148107,NA,NA,NA,NA,NA,NA,NA,0.6688212709387487,0.33117872906125134,NA,NA,NA,NA,NA,NA,NA
Nationalist Right,CC24_321c,8670.49564438405,1259.3194722742758,NA,NA,NA,NA,NA,NA,NA,0.8731779537202428,0.1268220462797573,NA,NA,NA,NA,NA,NA,NA
Nationalist Right,CC24_323a,2435.367096366307,7494.44802029201,NA,NA,NA,NA,NA,NA,NA,0.2452580504022397,0.7547419495977603,NA,NA,NA,NA,NA,NA,NA
Nationalist Right,CC24_323b,9454.498867547907,475.31624911048704,NA,NA,NA,NA,NA,NA,NA,0.952132417016195,0.04786758298380499,NA,NA,NA,NA,NA,NA,NA
Nationalist Right,CC24_323c,9281.574539684076,648.240576974301,NA,NA,NA,NA,NA,NA,NA,0.9347177596603178,0.06528224033968213,NA,NA,NA,NA,NA,NA,NA
Nationalist Right,CC24_323d,4257.681235309379,5672.133881348934,NA,NA,NA,NA,NA,NA,NA,0.4287774933660819,0.5712225066339182,NA,NA,NA,NA,NA,NA,NA
Nationalist Right,CC24_324a,1176.0257097276033,8753.789406930737,NA,NA,NA,NA,NA,NA,NA,0.11843379719675676,0.8815662028032433,NA,NA,NA,NA,NA,NA,NA
Nationalist Right,CC24_324c,2756.2560720824017,7173.5590445759,NA,NA,NA,NA,NA,NA,NA,0.27757375537219164,0.7224262446278085,NA,NA,NA,NA,NA,NA,NA
Nationalist Right,CC24_326a,2077.2611009417474,7852.5540157165615,NA,NA,NA,NA,NA,NA,NA,0.2091943381158148,0.7908056618841852,NA,NA,NA,NA,NA,NA,NA
Nationalist Right,CC24_326b,2734.572214312648,7195.242902345663,NA,NA,NA,NA,NA,NA,NA,0.27539004323707045,0.7246099567629295,NA,NA,NA,NA,NA,NA,NA
Nationalist Right,CC24_326c,1459.5200208122708,8470.29509584607,NA,NA,NA,NA,NA,NA,NA,0.1469836047968071,0.8530163952031928,NA,NA,NA,NA,NA,NA,NA
Nationalist Right,CC24_326d,8779.28572603097,1150.5293906273707,NA,NA,NA,NA,NA,NA,NA,0.8841338557555585,0.11586614424444149,NA,NA,NA,NA,NA,NA,NA
Nationalist Right,CC24_328c,6823.514948292337,3106.300168365964,NA,NA,NA,NA,NA,NA,NA,0.6871744204829331,0.31282557951706685,NA,NA,NA,NA,NA,NA,NA
Nationalist Right,CC24_328d,7544.477958612376,2385.3371580459234,NA,NA,NA,NA,NA,NA,NA,0.7597803050688958,0.24021969493110415,NA,NA,NA,NA,NA,NA,NA
Nationalist Right,CC24_328e,5332.955735891889,4596.859380766402,NA,NA,NA,NA,NA,NA,NA,0.5370649577297069,0.4629350422702932,NA,NA,NA,NA,NA,NA,NA
Nationalist Right,CC24_330a,0.6302629394969085,17.88217258283048,25.905713316110894,567.351287163488,1073.4253866159988,3826.239775057558,3758.365740548181,660.0147784346774,NA,6.347176982576181e-5,0.00180085654896345,0.00260888173765201,0.05713613803460396,0.1081012459955283,0.3853284003887067,0.3784930229207505,0.06646798260396924,NA
Nationalist Right,CC24_340c,2489.793838063826,7440.021278594463,NA,NA,NA,NA,NA,NA,NA,0.25073919391378596,0.7492608060862139,NA,NA,NA,NA,NA,NA,NA
Nationalist Right,CC24_340f,9104.937823661432,824.8772929969323,NA,NA,NA,NA,NA,NA,NA,0.9169292395370876,0.08307076046291227,NA,NA,NA,NA,NA,NA,NA
Nationalist Right,CC24_341b,2184.8544929262503,7744.960623732049,NA,NA,NA,NA,NA,NA,NA,0.22002972535318704,0.7799702746468129,NA,NA,NA,NA,NA,NA,NA
Nationalist Right,CC24_341c,3161.85880653353,6767.956310124785,NA,NA,NA,NA,NA,NA,NA,0.31842071271087186,0.6815792872891281,NA,NA,NA,NA,NA,NA,NA
Nationalist Right,CC24_420_5,6986.723612982023,2943.0915036762744,NA,NA,NA,NA,NA,NA,NA,0.7036106443977056,0.2963893556022944,NA,NA,NA,NA,NA,NA,NA
Nationalist Right,CC24_420_6,2308.6581484479384,7621.156968210363,NA,NA,NA,NA,NA,NA,NA,0.2324975965136474,0.7675024034863526,NA,NA,NA,NA,NA,NA,NA
Nationalist Right,CC24_421_1,1618.9146590829662,5041.695455886514,1817.7437368120704,1230.7102663007304,220.7509985760256,NA,NA,NA,NA,0.16303573027931476,0.5077330641764458,0.18305917234678565,0.12394090442188443,0.02223112877556931,NA,NA,NA,NA
Nationalist Right,CC24_423,333.95784535834173,2751.985242148694,6843.872029151268,NA,NA,NA,NA,NA,NA,0.03363182913628396,0.27714365371535976,0.6892245171483562,NA,NA,NA,NA,NA,NA
Nationalist Right,CC24_424,1629.7457424119473,4735.068326660935,3402.1516264440297,NA,NA,NA,NA,162.84942114142655,NA,0.16412649412554242,0.4768536242651029,0.34261983596618556,NA,NA,NA,NA,0.01640004564316902,NA
Nationalist Right,CC24_440a,160.82579357559328,703.2385246925277,2168.363097595587,2169.917427310502,4727.470273484114,NA,NA,NA,NA,0.01619625256725987,0.07082090818717965,0.21836892954410872,0.21852546113071472,0.4760884485707371,NA,NA,NA,NA
Nationalist Right,CC24_440b,2161.10702631687,3722.196876038669,2136.9992683102205,1533.836375279158,375.6755707134428,NA,NA,NA,NA,0.21763819375562943,0.3748505719702951,0.21521037836093937,0.15446776775390092,0.03783308815923527,NA,NA,NA,NA
Nationalist Right,CC24_440c,1142.7313151897845,2899.9320383200165,3147.2106984016955,1516.6641949192351,1223.2768698276209,NA,NA,NA,NA,0.11508082494635044,0.29204290354359796,0.3169455484747047,0.1527384122565248,0.12319231077882203,NA,NA,NA,NA
Nationalist Right,CC24_440d,2371.1653536936788,3785.048699138371,2583.546522877112,796.29180886151,393.7627320876802,NA,NA,NA,NA,0.2387924977289647,0.3811801785502066,0.2601807276897764,0.08019200755567375,0.03965458847537857,NA,NA,NA,NA
Nationalist Right,CC24_441a,5377.020186378907,2896.9137321617372,1380.6254521404858,160.34350176346922,114.91224421371354,NA,NA,NA,NA,0.5415025479536258,0.291738939560099,0.1390383844936187,0.01614768249758004,0.01157244549507634,NA,NA,NA,NA
Nationalist Right,CC24_441b,169.32509277588738,793.3548002405074,1305.7997324933715,2680.337792811405,4980.997698337148,NA,NA,NA,NA,0.01705218987328641,0.07989623078777877,0.13150292499431876,0.2699282676789071,0.501620386665709,NA,NA,NA,NA
Nationalist Right,CC24_443_1,239.5676411419187,457.0608151433601,3669.475984642669,3009.7237734252626,2553.9869023051388,NA,NA,NA,NA,0.02412609281516408,0.04602913647169429,0.3695412192002168,0.30309967890299616,0.2572038726099288,NA,NA,NA,NA
Nationalist Right,CC24_444a,8416.006061710752,1513.8090549475664,NA,NA,NA,NA,NA,NA,NA,0.8475491197808918,0.1524508802191081,NA,NA,NA,NA,NA,NA,NA
Nationalist Right,CC24_444b,9079.705370920892,850.1097457374714,NA,NA,NA,NA,NA,NA,NA,0.9143881597240096,0.08561184027599046,NA,NA,NA,NA,NA,NA,NA
Nationalist Right,CC24_445a,8907.97683653001,1021.8382801283266,NA,NA,NA,NA,NA,NA,NA,0.8970939269136963,0.10290607308630376,NA,NA,NA,NA,NA,NA,NA
Nationalist Right,comptype,5517.619658542708,765.8161500542612,3646.379308061341,NA,NA,NA,NA,NA,NA,0.5556618722222049,0.07712290118770933,0.3672152265900858,NA,NA,NA,NA,NA,NA
Nationalist Right,educ,470.96865303987533,2718.004139593542,2081.243835206265,1035.064852502212,2351.960913060084,1272.5727232563704,NA,NA,NA,0.047429750454243,0.2737215252914219,0.2095954265769512,0.10423807899159954,0.23685847978321495,0.12815673890256937,NA,NA,NA
Nationalist Right,gender4,5201.380982559448,4690.140628709547,17.73146009567555,20.562045293621335,NA,NA,NA,NA,NA,0.5238144841018835,0.4723290991431805,0.0017856787752200099,0.00207073797971589,NA,NA,NA,NA,NA
Nationalist Right,hispanic,926.5001614020543,9003.31495525629,NA,NA,NA,NA,NA,NA,NA,0.09330487531915369,0.9066951246808462,NA,NA,NA,NA,NA,NA,NA
Nationalist Right,multrace_1,3317.499919759784,6612.315196898505,NA,NA,NA,NA,NA,NA,NA,0.3340948326615201,0.6659051673384799,NA,NA,NA,NA,NA,NA,NA
Nationalist Right,multrace_2,174.5674590070401,9755.24765765137,NA,NA,NA,NA,NA,NA,NA,0.01758013185101332,0.9824198681489869,NA,NA,NA,NA,NA,NA,NA
Nationalist Right,multrace_3,298.1310309055521,9631.684085752844,NA,NA,NA,NA,NA,NA,NA,0.03002382495575404,0.969976175044246,NA,NA,NA,NA,NA,NA,NA
Nationalist Right,multrace_4,97.8452732672853,9831.969843391124,NA,NA,NA,NA,NA,NA,NA,0.00985368530206957,0.9901463146979304,NA,NA,NA,NA,NA,NA,NA
Nationalist Right,multrace_5,203.15939796615368,9726.65571869226,NA,NA,NA,NA,NA,NA,NA,0.0204595348029522,0.9795404651970476,NA,NA,NA,NA,NA,NA,NA
Nationalist Right,multrace_8,33.43504012551302,9896.380076532894,NA,NA,NA,NA,NA,NA,NA,0.00336713621882263,0.9966328637811774,NA,NA,NA,NA,NA,NA,NA
Nationalist Right,multrace_97,NA,9889.817123157509,NA,NA,NA,NA,NA,NA,39.997993500895795,NA,0.9959719296853982,NA,NA,NA,NA,NA,NA,0.00402807031460178
Nationalist Right,multrace_98,84.74339150194436,9845.071725156466,NA,NA,NA,NA,NA,NA,NA,0.00853423659014331,0.9914657634098568,NA,NA,NA,NA,NA,NA,NA
Nationalist Right,newsint,5906.911301958959,2579.503589393252,1003.2173555905488,440.1828697155575,NA,NA,NA,NA,NA,0.5948661916221872,0.25977357675732166,0.10103081918489552,0.04432941243559551,NA,NA,NA,NA,NA
Nationalist Right,pew_bornagain,6673.536440059361,3256.27867659895,NA,NA,NA,NA,NA,NA,NA,0.6720705634150026,0.3279294365849974,NA,NA,NA,NA,NA,NA,NA
Nationalist Right,pew_churatd,2075.6978428920897,3838.624081946826,1010.4998534264212,1344.4361237807598,1179.5963438914644,410.89209755193,70.06877316885581,NA,NA,0.20903690738510128,0.3865755844242372,0.1017642163076327,0.13539387269409697,0.11879338437153404,0.0413796322212096,0.0070564025961881,NA,NA
Nationalist Right,pew_religimp,7810.082578584533,1821.3564739915464,219.61132192362024,78.76474215859585,NA,NA,NA,NA,NA,0.7865284989528466,0.18342299958193903,0.02211635557596631,0.00793214588924821,NA,NA,NA,NA,NA
Nationalist Right,pid3,235.59849091152665,6852.812298111458,2098.179093537897,369.037878578893,374.18735551852666,NA,NA,NA,NA,0.02372637235876482,0.6901248631120181,0.2113009224127429,0.03716462736146955,0.03768321475500468,NA,NA,NA,NA
Nationalist Right,pid7,69.55494759110434,166.04354332042226,22.863342661147648,848.1687564406092,1750.6565660709675,1248.525408293776,5604.286889817678,219.71566246259076,NA,0.00700465686157828,0.01672171549718654,0.00230249429546699,0.08541636943649818,0.1763030374184973,0.12573501053400735,0.5643898525780107,0.02212686337875465,NA
Nationalist Right,race,8059.365868041318,433.4221943545336,663.6087464393631,212.2923129763724,105.0278866809269,223.77562957449004,196.03417346193305,36.28830512934508,NA,0.8116330237126879,0.04364856638946111,0.06682991965541145,0.02137928153568844,0.01057702338331877,0.02253572971354557,0.01974197617567577,0.00365447943421098,NA
Nationalist Right,region,1138.64072440823,2264.556840287467,4916.537130880943,1610.0804210816489,NA,NA,NA,NA,NA,0.11466887459949204,0.22805629447102585,0.49512876857424504,0.16214606235523688,NA,NA,NA,NA,NA
Nationalist Right,votereg,8484.772803181397,1241.3187149205792,203.72359855635767,NA,NA,NA,NA,NA,NA,0.8544743989187953,0.12500924743685643,0.02051635364434826,NA,NA,NA,NA,NA,NA
Progressive Left,CC24_321a,8099.455760958023,457.7161533783028,NA,NA,NA,NA,NA,NA,NA,0.946510814792506,0.05348918520749413,NA,NA,NA,NA,NA,NA,NA
Progressive Left,CC24_321b,516.0856482140159,8041.086266122326,NA,NA,NA,NA,NA,NA,NA,0.06031030501436891,0.939689694985631,NA,NA,NA,NA,NA,NA,NA
Progressive Left,CC24_321c,8488.933159792768,68.23875454355851,NA,NA,NA,NA,NA,NA,NA,0.9920255482504408,0.00797445174955924,NA,NA,NA,NA,NA,NA,NA
Progressive Left,CC24_323a,7857.724800986852,699.4471133494916,NA,NA,NA,NA,NA,NA,NA,0.9182618836747144,0.08173811632528569,NA,NA,NA,NA,NA,NA,NA
Progressive Left,CC24_323b,4756.603353715114,3800.5685606211982,NA,NA,NA,NA,NA,NA,NA,0.555861609575251,0.44413839042474906,NA,NA,NA,NA,NA,NA,NA
Progressive Left,CC24_323c,434.569797836543,8122.6021164998,NA,NA,NA,NA,NA,NA,NA,0.05078427805201414,0.949215721947986,NA,NA,NA,NA,NA,NA,NA
Progressive Left,CC24_323d,8441.832165375365,115.33974896096836,NA,NA,NA,NA,NA,NA,NA,0.9865212771093528,0.01347872289064718,NA,NA,NA,NA,NA,NA,NA
Progressive Left,CC24_324a,8198.53323446031,358.6386798760301,NA,NA,NA,NA,NA,NA,NA,0.9580891112780868,0.04191088872191306,NA,NA,NA,NA,NA,NA,NA
Progressive Left,CC24_324c,223.5387144018542,8333.633199934482,NA,NA,NA,NA,NA,NA,NA,0.02612296640054018,0.9738770335994598,NA,NA,NA,NA,NA,NA,NA
Progressive Left,CC24_326a,8351.511412939335,205.66050139699436,NA,NA,NA,NA,NA,NA,NA,0.9759663001449768,0.02403369985502328,NA,NA,NA,NA,NA,NA,NA
Progressive Left,CC24_326b,8284.199325193498,272.972589142841,NA,NA,NA,NA,NA,NA,NA,0.9681001396401172,0.03189986035988289,NA,NA,NA,NA,NA,NA,NA
Progressive Left,CC24_326c,8065.225508177582,491.94640615875466,NA,NA,NA,NA,NA,NA,NA,0.9425106318905936,0.05748936810940629,NA,NA,NA,NA,NA,NA,NA
Progressive Left,CC24_326d,1291.3534390930151,7265.81847524332,NA,NA,NA,NA,NA,NA,NA,0.1509089044862514,0.8490910955137486,NA,NA,NA,NA,NA,NA,NA
Progressive Left,CC24_328c,2387.0794342630943,6170.092480073245,NA,NA,NA,NA,NA,NA,NA,0.2789565826372938,0.7210434173627063,NA,NA,NA,NA,NA,NA,NA
Progressive Left,CC24_328d,289.46238626426305,8267.709528072068,NA,NA,NA,NA,NA,NA,NA,0.03382687518282877,0.9661731248171712,NA,NA,NA,NA,NA,NA,NA
Progressive Left,CC24_328e,8341.410996962552,215.76091737377695,NA,NA,NA,NA,NA,NA,NA,0.974785955040555,0.02521404495944509,NA,NA,NA,NA,NA,NA,NA
Progressive Left,CC24_330a,3054.642581259562,3380.274021948432,1254.9167771462796,801.4716789563792,34.6711788716192,10.44844029775123,1.681455922403045,19.06577993388565,NA,0.356968705530147,0.3950223339892552,0.14665087831691767,0.09366081305596172,0.00405170998300649,0.00122101558813448,1.9649668596537223e-4,0.00222804685061237,NA
Progressive Left,CC24_340c,8292.17768216585,264.99423217048366,NA,NA,NA,NA,NA,NA,NA,0.9690324987246636,0.03096750127533645,NA,NA,NA,NA,NA,NA,NA
Progressive Left,CC24_340f,1524.0792922473229,7033.092622089011,NA,NA,NA,NA,NA,NA,NA,0.17810548946596982,0.8218945105340302,NA,NA,NA,NA,NA,NA,NA
Progressive Left,CC24_341b,7933.361407810289,623.8105065260563,NA,NA,NA,NA,NA,NA,NA,0.9271008561273671,0.0728991438726326,NA,NA,NA,NA,NA,NA,NA
Progressive Left,CC24_341c,7962.993600678678,594.1783136576578,NA,NA,NA,NA,NA,NA,NA,0.9305637049710084,0.06943629502899148,NA,NA,NA,NA,NA,NA,NA
Progressive Left,CC24_420_5,6690.536031069595,1866.635883266738,NA,NA,NA,NA,NA,NA,NA,0.7818629914236672,0.2181370085763327,NA,NA,NA,NA,NA,NA,NA
Progressive Left,CC24_420_6,6280.431261033048,2276.740653303274,NA,NA,NA,NA,NA,NA,NA,0.7339377219372069,0.2660622780627931,NA,NA,NA,NA,NA,NA,NA
Progressive Left,CC24_421_1,3725.885560790097,3061.2069974901337,702.055950320002,860.1877441047635,207.83566163132295,NA,NA,NA,NA,0.43541085747592706,0.3577358300306575,0.08204298772399414,0.100522433429629,0.02428789133979229,NA,NA,NA,NA
Progressive Left,CC24_423,868.1530263906221,4170.450365376148,3518.5685225695443,NA,NA,NA,NA,NA,NA,0.1014532645927279,0.48736316240055383,0.41118357300671815,NA,NA,NA,NA,NA,NA
Progressive Left,CC24_424,2130.2215221176757,4513.081511449801,1913.8688807688443,NA,NA,NA,NA,NA,NA,0.2489399001729524,0.5274033940920103,0.2236567057350373,NA,NA,NA,NA,NA,NA
Progressive Left,CC24_440a,6745.312810575673,1688.175326392099,86.89760771717924,16.933585038068934,19.85258461330528,NA,NA,NA,NA,0.7882642627846311,0.19728192249635665,0.01015494471620871,0.00197887633993879,0.00231999366286484,NA,NA,NA,NA
Progressive Left,CC24_440b,7.463145674260946,26.620205325572684,124.99292521197432,2351.396809231225,6046.698828893288,NA,NA,NA,NA,8.721509569952089e-4,0.00311086485021696,0.01460680309607506,0.27478667400520435,0.7066235070915085,NA,NA,NA,NA
Progressive Left,CC24_440c,11.380044629112366,46.81153869970473,422.05032663365864,955.663456686674,7121.266547687181,NA,NA,NA,NA,0.00132988383814595,0.00547044504519987,0.04932123964070104,0.11167982439216809,0.8321986070837851,NA,NA,NA,NA
Progressive Left,CC24_440d,9.40215644132733,115.88940862346703,437.7246569117568,1277.8078197699465,6716.3478725898185,NA,NA,NA,NA,0.00109874576968301,0.01354295668985111,0.05115295816114338,0.14932594933954318,0.7848793900397794,NA,NA,NA,NA
Progressive Left,CC24_441a,14.304969587184289,140.54536843138334,479.6060135997872,2284.656697325877,5638.058865392085,NA,NA,NA,NA,0.00167169360746607,0.01642427776820981,0.05604725701446712,0.26698735519129413,0.6588694164185628,NA,NA,NA,NA
Progressive Left,CC24_441b,6402.702108142842,1949.498998056388,133.53683118497122,43.9371624880293,27.49681446409942,NA,NA,NA,NA,0.7482264201582793,0.22782047825757465,0.01560525282438806,0.005134542454899,0.00321330630485901,NA,NA,NA,NA
Progressive Left,CC24_443_1,2610.504597812647,2839.454988559428,2977.5135737217106,94.60339098247036,35.09536326006105,NA,NA,NA,NA,0.30506627936726616,0.3318216598876934,0.347955329579544,0.01105545055416917,0.00410128061132718,NA,NA,NA,NA
Progressive Left,CC24_444a,1877.6146115065037,6679.557302829821,NA,NA,NA,NA,NA,NA,NA,0.21941999416429017,0.78058000583571,NA,NA,NA,NA,NA,NA,NA
Progressive Left,CC24_444b,1740.5750918465192,6816.596822489797,NA,NA,NA,NA,NA,NA,NA,0.20340541352575084,0.7965945864742493,NA,NA,NA,NA,NA,NA,NA
Progressive Left,CC24_445a,1877.9457346065,6679.2261797298215,NA,NA,NA,NA,NA,NA,NA,0.2194586895537613,0.7805413104462388,NA,NA,NA,NA,NA,NA,NA
Progressive Left,comptype,4617.660014052323,567.1044273666462,3372.407472917347,NA,NA,NA,NA,NA,NA,0.5396245465532947,0.06627241254982198,0.3941030408968834,NA,NA,NA,NA,NA,NA
Progressive Left,educ,174.35313068860097,1095.6000473053396,1691.487020991185,725.7925718753772,2636.6374981699432,2233.3016453058663,NA,NA,NA,0.0203750879886493,0.12803295975272147,0.19766893056774304,0.08481687397905564,0.3081201972526269,0.26098595045920375,NA,NA,NA
Progressive Left,gender4,3659.485637700088,4748.7089556754645,126.0776705695216,22.899650391239017,NA,NA,NA,NA,NA,0.4276512934804016,0.5549390620188062,0.01473356756550567,0.00267607693528675,NA,NA,NA,NA,NA
Progressive Left,hispanic,898.9442418738478,7658.227672462497,NA,NA,NA,NA,NA,NA,NA,0.10505155802325213,0.8949484419767479,NA,NA,NA,NA,NA,NA,NA
Progressive Left,multrace_1,2460.6688735716025,6096.503040764733,NA,NA,NA,NA,NA,NA,NA,0.2875563209673395,0.7124436790326605,NA,NA,NA,NA,NA,NA,NA
Progressive Left,multrace_2,501.1026368832722,8056.069277453057,NA,NA,NA,NA,NA,NA,NA,0.05855937474432946,0.9414406252556704,NA,NA,NA,NA,NA,NA,NA
Progressive Left,multrace_3,400.8567931649582,8156.315121171383,NA,NA,NA,NA,NA,NA,NA,0.04684454130147589,0.953155458698524,NA,NA,NA,NA,NA,NA,NA
Progressive Left,multrace_4,253.37713743967137,8303.794776896666,NA,NA,NA,NA,NA,NA,NA,0.02960991551603323,0.9703900844839668,NA,NA,NA,NA,NA,NA,NA
Progressive Left,multrace_5,103.88934564417391,8453.282568692153,NA,NA,NA,NA,NA,NA,NA,0.0121406168631627,0.9878593831368372,NA,NA,NA,NA,NA,NA,NA
Progressive Left,multrace_8,52.439775792653755,8504.732138543675,NA,NA,NA,NA,NA,NA,NA,0.00612816667908685,0.9938718333209132,NA,NA,NA,NA,NA,NA,NA
Progressive Left,multrace_97,NA,8488.27572993345,NA,NA,NA,NA,NA,NA,68.89618440287053,NA,0.9919487203140742,NA,NA,NA,NA,NA,NA,0.00805127968592576
Progressive Left,multrace_98,25.326992891232017,8531.844921445094,NA,NA,NA,NA,NA,NA,NA,0.00295973870161475,0.9970402612983852,NA,NA,NA,NA,NA,NA,NA
Progressive Left,newsint,6069.457006438128,1973.5236296297664,393.8702088405819,120.3210694278534,NA,NA,NA,NA,NA,0.7092830513629873,0.23062802166255503,0.04602808179893034,0.01406084517552726,NA,NA,NA,NA,NA
Progressive Left,pew_bornagain,851.2713797525686,7705.900534583762,NA,NA,NA,NA,NA,NA,NA,0.0994804578281738,0.9005195421718262,NA,NA,NA,NA,NA,NA,NA
Progressive Left,pew_churatd,204.81819028742296,780.985167125907,402.06562790752366,870.2776400346193,1756.6968642444758,4501.976622511209,40.35180222515948,NA,NA,0.02393526650367738,0.091266737999908365,0.04698580698535695,0.1017015491504376,0.20528942059716968,0.5261056652337195,0.00471555352973051,NA,NA
Progressive Left,pew_religimp,1368.6393395538212,1436.1792434351896,1418.6947507493126,4333.6585805979785,NA,NA,NA,NA,NA,0.15994061510682803,0.16783339844196415,0.16579014246196166,0.5064358439892462,NA,NA,NA,NA,NA
Progressive Left,pid3,6604.960512096096,85.18348404934585,1514.2575340408005,291.61788662645915,61.152497523632874,NA,NA,NA,NA,0.7718625473715698,0.00995463044357364,0.17695770859807963,0.03407876919451559,0.00714634439226124,NA,NA,NA,NA
Progressive Left,pid7,5557.720277173202,1047.2402349228832,1529.6853504584976,308.336115402334,12.25859775464399,60.131475726398264,25.052008322947596,16.74785457541732,NA,0.649480965535124,0.12238158183644544,0.17876061925269113,0.03603247877791969,0.00143255246912901,0.00702702672429153,0.00292760371928212,0.00195717168511698,NA
Progressive Left,race,5975.5747946481815,1094.29861932405,614.0545620707315,381.82474135525297,27.86483329978813,304.78158454472265,111.129821386212,47.64295770739711,NA,0.698311878558493,0.12788087352676727,0.07175905406808174,0.0446204359544956,0.00325631336833428,0.03561709260907848,0.01298674638054538,0.00556760553420436,NA
Progressive Left,region,1935.381789206156,1681.043969848655,2389.448970066785,2551.297185214709,NA,NA,NA,NA,NA,0.22617072656489504,0.1964485447618867,0.27923348905303735,0.29814723962018097,NA,NA,NA,NA,NA
Progressive Left,votereg,7670.812099116351,760.3910717173904,125.96874350259526,NA,NA,NA,NA,NA,NA,0.8964190711495448,0.08886009061515548,0.01472083823529972,NA,NA,NA,NA,NA,NA
Religious Moderates,CC24_321a,8971.679889306937,2979.4417110587165,NA,NA,NA,NA,NA,NA,NA,0.7506977327577724,0.24930226724222757,NA,NA,NA,NA,NA,NA,NA
Religious Moderates,CC24_321b,3649.2571272407904,8301.864473124864,NA,NA,NA,NA,NA,NA,NA,0.30534850612926057,0.6946514938707394,NA,NA,NA,NA,NA,NA,NA
Religious Moderates,CC24_321c,11467.883870918047,483.2377294476437,NA,NA,NA,NA,NA,NA,NA,0.9595654913733908,0.04043450862660933,NA,NA,NA,NA,NA,NA,NA
Religious Moderates,CC24_323a,8904.937021918704,3046.1845784469456,NA,NA,NA,NA,NA,NA,NA,0.7451130797335586,0.25488692026644144,NA,NA,NA,NA,NA,NA,NA
Religious Moderates,CC24_323b,10077.911171082247,1873.210429283422,NA,NA,NA,NA,NA,NA,NA,0.843260700382623,0.1567392996173771,NA,NA,NA,NA,NA,NA,NA
Religious Moderates,CC24_323c,6779.661794042845,5171.459806322796,NA,NA,NA,NA,NA,NA,NA,0.5672824711142946,0.4327175288857053,NA,NA,NA,NA,NA,NA,NA
Religious Moderates,CC24_323d,9835.6208561059,2115.5007442597644,NA,NA,NA,NA,NA,NA,NA,0.8229872630368821,0.1770127369631179,NA,NA,NA,NA,NA,NA,NA
Religious Moderates,CC24_324a,7643.364431490547,4307.7571688750895,NA,NA,NA,NA,NA,NA,NA,0.6395520593863511,0.3604479406136489,NA,NA,NA,NA,NA,NA,NA
Religious Moderates,CC24_324c,1740.7470398055634,10210.374560560109,NA,NA,NA,NA,NA,NA,NA,0.14565553744782425,0.8543444625521758,NA,NA,NA,NA,NA,NA,NA
Religious Moderates,CC24_326a,9921.26705512104,2029.8545452446217,NA,NA,NA,NA,NA,NA,NA,0.8301536363597443,0.16984636364025577,NA,NA,NA,NA,NA,NA,NA
Religious Moderates,CC24_326b,10435.956362634886,1515.1652377307776,NA,NA,NA,NA,NA,NA,NA,0.8732198292012676,0.12678017079873227,NA,NA,NA,NA,NA,NA,NA
Religious Moderates,CC24_326c,8460.141265550319,3490.9803348153073,NA,NA,NA,NA,NA,NA,NA,0.7078951707169889,0.29210482928301107,NA,NA,NA,NA,NA,NA,NA
Religious Moderates,CC24_326d,7222.836886601677,4728.284713763969,NA,NA,NA,NA,NA,NA,NA,0.6043647724562264,0.3956352275437735,NA,NA,NA,NA,NA,NA,NA
Religious Moderates,CC24_328c,7478.895567259636,4472.226033106011,NA,NA,NA,NA,NA,NA,NA,0.6257902661647102,0.37420973383528977,NA,NA,NA,NA,NA,NA,NA
Religious Moderates,CC24_328d,4016.002182317809,7935.119418047839,NA,NA,NA,NA,NA,NA,NA,0.33603558867604005,0.6639644113239599,NA,NA,NA,NA,NA,NA,NA
Religious Moderates,CC24_328e,10696.498706014198,1254.6228943514657,NA,NA,NA,NA,NA,NA,NA,0.8950204895988108,0.10497951040118934,NA,NA,NA,NA,NA,NA,NA
Religious Moderates,CC24_330a,608.0061031309887,1068.6954463843665,1203.1806744326675,5093.818855742211,1474.2337548527505,1308.1642066569798,459.5041788113602,735.5183803543135,NA,0.05087439685262571,0.08942218832010466,0.10067512612338052,0.4262209879603576,0.12335526356017056,0.10945953446051102,0.03844862383437735,0.06154387888847277,NA
Religious Moderates,CC24_340c,7484.199462587656,4466.9221377779795,NA,NA,NA,NA,NA,NA,NA,0.6262340651239531,0.3737659348760469,NA,NA,NA,NA,NA,NA,NA
Religious Moderates,CC24_340f,8018.194406410929,3932.927193954734,NA,NA,NA,NA,NA,NA,NA,0.6709156407684448,0.3290843592315553,NA,NA,NA,NA,NA,NA,NA
Religious Moderates,CC24_341b,8149.41571366804,3801.705886697624,NA,NA,NA,NA,NA,NA,NA,0.681895472757862,0.31810452724213806,NA,NA,NA,NA,NA,NA,NA
Religious Moderates,CC24_341c,9498.395966230466,2452.725634135201,NA,NA,NA,NA,NA,NA,NA,0.7947702553658098,0.20522974463419025,NA,NA,NA,NA,NA,NA,NA
Religious Moderates,CC24_420_5,7868.097474386061,4083.0241259796026,NA,NA,NA,NA,NA,NA,NA,0.6583564068284038,0.3416435931715962,NA,NA,NA,NA,NA,NA,NA
Religious Moderates,CC24_420_6,5455.918004051851,6495.203596313799,NA,NA,NA,NA,NA,NA,NA,0.4565193281846387,0.5434806718153612,NA,NA,NA,NA,NA,NA,NA
Religious Moderates,CC24_421_1,4180.699806196391,4822.09667948151,1931.6785894220616,827.601980599011,189.0445446666865,NA,NA,NA,NA,0.3498165231678738,0.4034848644945569,0.16163157350544902,0.0692488963189605,0.0158181425131598,NA,NA,NA,NA
Religious Moderates,CC24_423,2168.575476376752,6725.693990715028,3056.8521332738783,NA,NA,NA,NA,NA,NA,0.18145372031947207,0.5627667607791094,0.2557795189014184,NA,NA,NA,NA,NA,NA
Religious Moderates,CC24_424,2872.1610967479487,6716.66320588644,2359.3701366597065,NA,NA,NA,NA,2.92716107155204,NA,0.24032565250278057,0.5620111174905076,0.197418302277798,NA,NA,NA,NA,2.4492772891395256e-4,NA
Religious Moderates,CC24_440a,2638.1248273484166,4594.280238371558,3077.9815384855824,925.7665771461604,714.9684190139366,NA,NA,NA,NA,0.22074286544517305,0.38442251631269425,0.2575475040260162,0.07746273597599708,0.05982437824011945,NA,NA,NA,NA
Religious Moderates,CC24_440b,449.10753913191394,1646.7457093277585,2571.3834300966755,4763.143524217307,2520.741397592012,NA,NA,NA,NA,0.03757869379541521,0.13779005556075785,0.2151583354333872,0.39855200904922344,0.2109209061612163,NA,NA,NA,NA
Religious Moderates,CC24_440c,838.8895547905624,2010.3112765042576,4269.83802023465,2581.589303985578,2250.4934448505983,NA,NA,NA,NA,0.07019337455029295,0.1682110971444514,0.35727508789668855,0.21601230330604232,0.18830813710252464,NA,NA,NA,NA
Religious Moderates,CC24_440d,1031.7420954388715,3190.688787973287,3842.6013803982905,2476.369070216243,1409.720266338969,NA,NA,NA,NA,0.08633014790907191,0.26697818787783595,0.321526423116699,0.20720808916716865,0.1179571519292245,NA,NA,NA,NA
Religious Moderates,CC24_441a,3120.29893737222,4175.0445519450595,3393.721755118871,935.1259457074032,326.93041022210343,NA,NA,NA,NA,0.26108837661535894,0.3493433245476575,0.28396679982028106,0.0782458732307428,0.02735562578595975,NA,NA,NA,NA
Religious Moderates,CC24_441b,1249.6253538584697,3454.394431943048,3174.6988795322145,2423.1539672425147,1649.2489677894112,NA,NA,NA,NA,0.10456134542386682,0.28904353477897476,0.2656402458021246,0.20275536039800443,0.13799951359702928,NA,NA,NA,NA
Religious Moderates,CC24_443_1,1888.7394899549925,2881.231859459555,5858.647606281274,1016.3606336879396,306.1420109818893,NA,NA,NA,NA,0.15803868064543877,0.24108464090695905,0.4902173873038013,0.08504311709595887,0.02561617404784189,NA,NA,NA,NA
Religious Moderates,CC24_444a,7740.341865800593,4210.779734565076,NA,NA,NA,NA,NA,NA,NA,0.6476665642464687,0.35233343575353115,NA,NA,NA,NA,NA,NA,NA
Religious Moderates,CC24_444b,8963.061492918307,2988.060107447356,NA,NA,NA,NA,NA,NA,NA,0.7499765957233728,0.2500234042766272,NA,NA,NA,NA,NA,NA,NA
Religious Moderates,CC24_445a,9330.2599476836,2620.8616526820624,NA,NA,NA,NA,NA,NA,NA,0.7807016161058998,0.21929838389410025,NA,NA,NA,NA,NA,NA,NA
Religious Moderates,comptype,7592.516889599835,826.3226585576484,3532.2820522081624,NA,NA,NA,NA,NA,NA,0.6352974342899784,0.06914185012830654,0.29556071558171515,NA,NA,NA,NA,NA,NA
Religious Moderates,educ,1223.095178137811,4220.613681493233,2194.020309541746,1200.630944745828,2020.264619409626,1092.4968670374185,NA,NA,NA,0.10234145539113151,0.35315628295206175,0.18358279523108664,0.10046177964661432,0.16904393470047305,0.09141375207863268,NA,NA,NA
Religious Moderates,gender4,5338.0669098304425,6567.104368040935,27.075756798487088,18.874565695780564,NA,NA,NA,NA,NA,0.4466582374717972,0.5494969081261808,0.00226554106835116,0.00157931333367096,NA,NA,NA,NA,NA
Religious Moderates,hispanic,2346.8670314491515,9604.16398256159,NA,NA,NA,NA,NA,NA,0.0905863549197551,0.19637211551569736,0.8036203047476094,NA,NA,NA,NA,NA,NA,7.579736693247559e-6
Religious Moderates,multrace_1,2034.7246550297143,9916.396945335946,NA,NA,NA,NA,NA,NA,NA,0.1702538659607864,0.8297461340392135,NA,NA,NA,NA,NA,NA,NA
Religious Moderates,multrace_2,619.4839235808927,11331.637676784794,NA,NA,NA,NA,NA,NA,NA,0.05183479377884812,0.948165206221152,NA,NA,NA,NA,NA,NA,NA
Religious Moderates,multrace_3,644.5904308811414,11306.53116948454,NA,NA,NA,NA,NA,NA,NA,0.05393555955964988,0.9460644404403502,NA,NA,NA,NA,NA,NA,NA
Religious Moderates,multrace_4,270.6762696471527,11680.445330718543,NA,NA,NA,NA,NA,NA,NA,0.02264860811380835,0.9773513918861916,NA,NA,NA,NA,NA,NA,NA
Religious Moderates,multrace_5,139.76581563294127,11811.355784732754,NA,NA,NA,NA,NA,NA,NA,0.01169478650678816,0.9883052134932118,NA,NA,NA,NA,NA,NA,NA
Religious Moderates,multrace_8,33.477258405919144,11917.64434195976,NA,NA,NA,NA,NA,NA,NA,0.00280118130543453,0.9971988186945656,NA,NA,NA,NA,NA,NA,NA
Religious Moderates,multrace_97,NA,11790.051123615753,NA,NA,NA,NA,NA,NA,161.0704767499355,NA,0.986522563978848,NA,NA,NA,NA,NA,NA,0.01347743602115193
Religious Moderates,multrace_98,48.15043997007199,11902.971160395611,NA,NA,NA,NA,NA,NA,NA,0.0040289473724875,0.9959710526275124,NA,NA,NA,NA,NA,NA,NA
Religious Moderates,newsint,3425.065057899151,4328.7077899677615,2669.9500247785877,1527.398727720152,NA,NA,NA,NA,NA,0.2865894241921494,0.3622009661281768,0.22340581194462109,0.12780379773505277,NA,NA,NA,NA,NA
Religious Moderates,pew_bornagain,5124.080825080366,6827.040775285266,NA,NA,NA,NA,NA,NA,NA,0.42875313267029264,0.5712468673297074,NA,NA,NA,NA,NA,NA,NA
Religious Moderates,pew_churatd,1122.0062226153364,2859.9999641377626,1266.077529540513,2104.508737923502,2443.0481659554093,2033.0236082009549,122.45737199218092,NA,NA,0.0938829224682148,0.23930808000901416,0.10593796732030372,0.17609299012229213,0.20441999066268904,0.1701115323049472,0.01024651711253897,NA,NA
Religious Moderates,pew_religimp,6052.807727469705,3762.6316627857345,1263.4008041137092,872.2814059965106,NA,NA,NA,NA,NA,0.5064635713592364,0.3148350245779954,0.10571399458232052,0.07298740948044759,NA,NA,NA,NA,NA
Religious Moderates,pid3,4652.408273998702,3129.3542444183468,2966.0354966160207,289.21548334412904,914.1081019884514,NA,NA,NA,NA,0.38928633056970646,0.26184607177979036,0.2481805135783468,0.02419986115238593,0.07648722291977046,NA,NA,NA,NA
Religious Moderates,pid7,2726.595809946856,1925.81246405185,905.3580121877308,2009.500612709785,792.5870993588179,1657.7831434564432,1471.571100961898,461.9133576922752,NA,0.22814560014713875,0.16114073042256785,0.07575506655040899,0.168143265536542,0.06631905572231547,0.13871360353372372,0.12313246824606602,0.03865020984123721,NA
Religious Moderates,race,6548.569960951387,2178.7444227848237,1802.0118922223053,790.7047803204233,127.67120015067688,326.6854966634909,133.34834171880271,43.38550555374062,NA,0.5479460572764174,0.1823045983163759,0.1507818221987777,0.06616155426752843,0.01068277977748721,0.02733513285091967,0.01115780980043938,0.00363024551205413,NA
Religious Moderates,region,2080.7832538475077,2363.1715682986805,5044.303241862599,2462.8635363568615,NA,NA,NA,NA,NA,0.17410778029267526,0.1977363838575936,0.42207781081469936,0.2060780250350318,NA,NA,NA,NA,NA
Religious Moderates,votereg,7814.552608831857,3565.3592977383314,571.2096937954568,NA,NA,NA,NA,NA,NA,0.653876085454002,0.2983284261478227,0.04779548839817516,NA,NA,NA,NA,NA,NA
Secular Moderates,CC24_321a,1711.67992607499,483.5828613191613,NA,NA,NA,NA,NA,NA,NA,0.7797152741366378,0.22028472586336237,NA,NA,NA,NA,NA,NA,NA
Secular Moderates,CC24_321b,453.1475031638804,1742.1152842302718,NA,NA,NA,NA,NA,NA,NA,0.2064206188735068,0.7935793811264933,NA,NA,NA,NA,NA,NA,NA
Secular Moderates,CC24_321c,2113.9907413666683,81.27204602748749,NA,NA,NA,NA,NA,NA,NA,0.9629784431758348,0.03702155682416495,NA,NA,NA,NA,NA,NA,NA
Secular Moderates,CC24_323a,1771.531330269195,423.7314571249581,NA,NA,NA,NA,NA,NA,NA,0.8069791646092899,0.19302083539071,NA,NA,NA,NA,NA,NA,NA
Secular Moderates,CC24_323b,1377.6919420330355,817.5708453611168,NA,NA,NA,NA,NA,NA,NA,0.627574953642976,0.3724250463570239,NA,NA,NA,NA,NA,NA,NA
Secular Moderates,CC24_323c,639.4948941498199,1555.767893244332,NA,NA,NA,NA,NA,NA,NA,0.29130676191569804,0.708693238084302,NA,NA,NA,NA,NA,NA,NA
Secular Moderates,CC24_323d,1908.3126231900264,286.95016420412696,NA,NA,NA,NA,NA,NA,NA,0.8692866449283978,0.13071335507160212,NA,NA,NA,NA,NA,NA,NA
Secular Moderates,CC24_324a,1821.66798812673,373.5947992674215,NA,NA,NA,NA,NA,NA,NA,0.8298177323404226,0.17018226765957742,NA,NA,NA,NA,NA,NA,NA
Secular Moderates,CC24_324c,176.05073239150565,2019.2120550026475,NA,NA,NA,NA,NA,NA,NA,0.08019574394575488,0.9198042560542452,NA,NA,NA,NA,NA,NA,NA
Secular Moderates,CC24_326a,1823.8161923495495,371.4465950446025,NA,NA,NA,NA,NA,NA,NA,0.8307962959252264,0.16920370407477345,NA,NA,NA,NA,NA,NA,NA
Secular Moderates,CC24_326b,1889.513158751307,305.74962864284487,NA,NA,NA,NA,NA,NA,NA,0.8607229938946035,0.13927700610539642,NA,NA,NA,NA,NA,NA,NA
Secular Moderates,CC24_326c,1677.6991482213396,517.5636391728116,NA,NA,NA,NA,NA,NA,NA,0.7642361351247717,0.23576386487522827,NA,NA,NA,NA,NA,NA,NA
Secular Moderates,CC24_326d,757.6911669013393,1437.5716204928117,NA,NA,NA,NA,NA,NA,NA,0.3451482762119535,0.6548517237880465,NA,NA,NA,NA,NA,NA,NA
Secular Moderates,CC24_328c,860.5677814915283,1334.6950059026235,NA,NA,NA,NA,NA,NA,NA,0.3920112828555939,0.6079887171444062,NA,NA,NA,NA,NA,NA,NA
Secular Moderates,CC24_328d,450.401937218604,1744.8608501755475,NA,NA,NA,NA,NA,NA,NA,0.2051699412958417,0.7948300587041582,NA,NA,NA,NA,NA,NA,NA
Secular Moderates,CC24_328e,1995.9310370004976,199.33175039365528,NA,NA,NA,NA,NA,NA,NA,0.9091991393748952,0.09080086062510467,NA,NA,NA,NA,NA,NA,NA
Secular Moderates,CC24_330a,470.1010519043156,438.9330142421838,284.6069341928902,536.482300193968,144.3670193463689,96.8994350305638,45.266671847938866,178.60636063592457,NA,0.2141434067045524,0.1999455449081844,0.1296459521052273,0.24438181309071863,0.06576297843491309,0.04414024397761806,0.0206201608790863,0.08135989989969993,NA
Secular Moderates,CC24_340c,1839.2329487793263,356.0298386148257,NA,NA,NA,NA,NA,NA,NA,0.837819034395675,0.16218096560432504,NA,NA,NA,NA,NA,NA,NA
Secular Moderates,CC24_340f,921.8349613721005,1273.4278260220503,NA,NA,NA,NA,NA,NA,NA,0.41992009643016304,0.5800799035698369,NA,NA,NA,NA,NA,NA,NA
Secular Moderates,CC24_341b,1645.2922686259608,549.9705187681903,NA,NA,NA,NA,NA,NA,NA,0.7494739482096249,0.2505260517903751,NA,NA,NA,NA,NA,NA,NA
Secular Moderates,CC24_341c,1736.050985348484,459.2118020456691,NA,NA,NA,NA,NA,NA,NA,0.7908169333154105,0.2091830666845896,NA,NA,NA,NA,NA,NA,NA
Secular Moderates,CC24_420_5,1523.4935323632862,671.7692550308657,NA,NA,NA,NA,NA,NA,NA,0.6939914169326955,0.30600858306730444,NA,NA,NA,NA,NA,NA,NA
Secular Moderates,CC24_420_6,1217.6054722463723,977.6573151477772,NA,NA,NA,NA,NA,NA,NA,0.5546513516460191,0.44534864835398097,NA,NA,NA,NA,NA,NA,NA
Secular Moderates,CC24_421_1,485.2157669164789,738.5765452850887,405.35311441183393,387.34316007780154,178.77420070295167,NA,NA,NA,NA,0.2210285573566549,0.3364410627858372,0.1846490163908808,0.17644500799723842,0.08143635546938881,NA,NA,NA,NA
Secular Moderates,CC24_423,73.21142305553585,765.8813496427537,1346.2154863107976,NA,NA,NA,NA,9.954528385064606,NA,0.03334973082764281,0.3488791200947198,0.6132365992997125,NA,NA,NA,NA,0.00453454977792474,NA
Secular Moderates,CC24_424,NA,NA,NA,NA,NA,NA,NA,2195.262787394154,NA,NA,NA,NA,NA,NA,NA,NA,1,NA
Secular Moderates,CC24_440a,1008.5540456021934,709.0734353757713,300.334421109008,113.07217759993034,64.22870770725004,NA,NA,NA,NA,0.4594229225738295,0.3230016194177208,0.13681023649360655,0.05150735403944537,0.02925786747539758,NA,NA,NA,NA
Secular Moderates,CC24_440b,47.30988613734999,139.394916409122,261.4052895679738,659.1597561267123,1087.9929391529945,NA,NA,NA,NA,0.0215508987848823,0.0634980546336269,0.11907699208907478,0.3002646243136823,0.4956094301787336,NA,NA,NA,NA
Secular Moderates,CC24_440c,46.639007625441586,214.4108593804887,417.31282151988415,402.9573502625927,1113.9427486057464,NA,NA,NA,NA,0.02124529595876016,0.0976697917951778,0.1900969778726344,0.18355768274144335,0.5074302516319842,NA,NA,NA,NA
Secular Moderates,CC24_440d,68.51826883022963,291.96866820625564,442.2904102175564,424.2563144707272,968.2291256693852,NA,NA,NA,NA,0.03121187550924733,0.13299941577966234,0.2014749271737845,0.19325992173098,0.4410538598063257,NA,NA,NA,NA
Secular Moderates,CC24_441a,203.1033124408363,313.6123448928101,469.1432121381541,477.7446861161373,731.6592318062164,NA,NA,NA,NA,0.09251890644123126,0.14285868037925326,0.21370708547154932,0.2176252833416974,0.33329004436626875,NA,NA,NA,NA
Secular Moderates,CC24_441b,895.1408955631076,707.5712029615687,274.7848202158041,201.649776960794,116.11609169287952,NA,NA,NA,NA,0.40776024661068855,0.3223173129999065,0.12517172057655218,0.09185678275909676,0.05289393705375609,NA,NA,NA,NA
Secular Moderates,CC24_443_1,587.3811840862267,628.0321639923588,738.6475334103698,163.58414893500617,77.61775697019193,NA,NA,NA,NA,0.26756759484975684,0.28608518652013093,0.3364733997459903,0.07451688694144255,0.03535693194267948,NA,NA,NA,NA
Secular Moderates,CC24_444a,915.0747223828974,1280.188065011253,NA,NA,NA,NA,NA,NA,NA,0.416840629576344,0.583159370423656,NA,NA,NA,NA,NA,NA,NA
Secular Moderates,CC24_444b,886.3273248722991,1308.9354625218512,NA,NA,NA,NA,NA,NA,NA,0.40374543310343225,0.5962545668965678,NA,NA,NA,NA,NA,NA,NA
Secular Moderates,CC24_445a,1161.8764683068282,1033.3863190873242,NA,NA,NA,NA,NA,NA,NA,0.5292653230304208,0.4707346769695791,NA,NA,NA,NA,NA,NA,NA
Secular Moderates,comptype,1340.924100432169,130.4837782720546,723.854908689928,NA,NA,NA,NA,NA,NA,0.610826233712042,0.05943879658568943,0.32973496970226845,NA,NA,NA,NA,NA,NA
Secular Moderates,educ,174.46391644923426,614.246105683643,434.65638405655346,204.80951211426952,490.4705726507366,276.6162964397164,NA,NA,NA,0.07947290750385674,0.2798052739794185,0.19799742725676336,0.09329612531599688,0.2234222597254248,0.12600600621853966,NA,NA,NA
Secular Moderates,gender4,982.1626650000256,1184.7031766030334,26.310732023700623,2.0862137673919405,NA,NA,NA,NA,NA,0.4474009538356383,0.5396634896769306,0.01198523118725677,9.50325300174356e-4,NA,NA,NA,NA,NA
Secular Moderates,hispanic,381.2171189096687,1814.045668484484,NA,NA,NA,NA,NA,NA,NA,0.17365443494907762,0.8263455650509224,NA,NA,NA,NA,NA,NA,NA
Secular Moderates,multrace_1,408.7027409464096,1786.5600464477418,NA,NA,NA,NA,NA,NA,NA,0.18617485947163212,0.8138251405283679,NA,NA,NA,NA,NA,NA,NA
Secular Moderates,multrace_2,113.09076177561576,2082.172025618539,NA,NA,NA,NA,NA,NA,NA,0.05151581962078355,0.9484841803792166,NA,NA,NA,NA,NA,NA,NA
Secular Moderates,multrace_3,127.62208610624457,2067.6407012879104,NA,NA,NA,NA,NA,NA,NA,0.05813522045701686,0.9418647795429832,NA,NA,NA,NA,NA,NA,NA
Secular Moderates,multrace_4,44.58319557672292,2150.6795918174325,NA,NA,NA,NA,NA,NA,NA,0.02030881944190588,0.979691180558094,NA,NA,NA,NA,NA,NA,NA
Secular Moderates,multrace_5,26.80001036431879,2168.4627770298366,NA,NA,NA,NA,NA,NA,NA,0.01220811035390037,0.9877918896460997,NA,NA,NA,NA,NA,NA,NA
Secular Moderates,multrace_8,5.287851532990647,2189.974935861164,NA,NA,NA,NA,NA,NA,NA,0.00240875560017463,0.9975912443998252,NA,NA,NA,NA,NA,NA,NA
Secular Moderates,multrace_97,NA,2156.348392543754,NA,NA,NA,NA,NA,NA,38.91439485040171,NA,0.9822734685460622,NA,NA,NA,NA,NA,NA,0.01772653145393782
Secular Moderates,multrace_98,10.772068706513876,2184.4907186876408,NA,NA,NA,NA,NA,NA,NA,0.00490696091983623,0.9950930390801638,NA,NA,NA,NA,NA,NA,NA
Secular Moderates,newsint,1016.4020367229108,584.4114497989744,297.60196062208803,296.8473402501809,NA,NA,NA,NA,NA,0.4629978891636076,0.26621480269006387,0.13556552879728395,0.1352217793490446,NA,NA,NA,NA,NA
Secular Moderates,pew_bornagain,468.7342334937633,1726.5285539003903,NA,NA,NA,NA,NA,NA,NA,0.2135207849307944,0.7864792150692057,NA,NA,NA,NA,NA,NA,NA
Secular Moderates,pew_churatd,99.09412695431598,228.39770859209017,137.10492299170022,289.2768005184739,420.1272663215273,943.9283057288642,77.33365628718198,NA,NA,0.04513998393419853,0.10404116987889428,0.06245490233743182,0.13177319917213856,0.19137903158292577,0.4299841964930936,0.03522751660131745,NA,NA
Secular Moderates,pew_religimp,565.8472647474919,473.214460868907,394.7317915857858,761.4692701919688,NA,NA,NA,NA,NA,0.2577583276119623,0.2155616464626668,0.17981072418867214,0.3468693017366986,NA,NA,NA,NA,NA
Secular Moderates,pid3,1071.3522631664102,209.51538600412164,588.5146248171305,90.02755802173944,235.85295538475023,NA,NA,NA,NA,0.48802916412487457,0.09543977477649644,0.2680839069456994,0.04100992306647946,0.1074372310864502,NA,NA,NA,NA
Secular Moderates,pid7,759.9426279194236,311.4096352469866,337.45560003386896,360.19043947678676,128.07969140644698,95.951479264159,113.5639067399627,88.6694073065182,NA,0.3461738759857082,0.14185528813916615,0.15371991087884268,0.1640762288438116,0.0583436717198134,0.04370842516674574,0.05173134960975068,0.04039124965616149,NA
Secular Moderates,race,1328.360586735406,365.1296500490064,279.74738678447216,78.7926135628648,18.7446992248431,73.46352996103167,37.00562221054331,14.018698865983016,NA,0.6051032224311578,0.166326169306786,0.1274323003108623,0.03589211005411986,0.0085387040369293,0.03346457216096452,0.01685703525930497,0.00638588643987523,NA
Secular Moderates,region,193.413570470642,401.4332038103946,1197.679238124037,402.7367749890805,NA,NA,NA,NA,NA,0.0881049738469944,0.1828633939023348,0.5455744273539661,0.18345720489670472,NA,NA,NA,NA,NA
Secular Moderates,votereg,1420.5937293454126,677.9980863877049,96.67097166103324,NA,NA,NA,NA,NA,NA,0.6471178473497036,0.3088459797528436,0.04403617289745291,NA,NA,NA,NA,NA,NA
Traditional Right,CC24_321a,3284.174608727279,6195.588859677279,NA,NA,NA,NA,NA,NA,NA,0.3464405646483925,0.6535594353516074,NA,NA,NA,NA,NA,NA,NA
Traditional Right,CC24_321b,5430.513376616751,4049.2500917878106,NA,NA,NA,NA,NA,NA,NA,0.5728532568050142,0.4271467431949857,NA,NA,NA,NA,NA,NA,NA
Traditional Right,CC24_321c,8502.734908434879,977.0285599697012,NA,NA,NA,NA,NA,NA,NA,0.8969353440910132,0.10306465590898678,NA,NA,NA,NA,NA,NA,NA
Traditional Right,CC24_323a,3803.548651088297,5676.214817316269,NA,NA,NA,NA,NA,NA,NA,0.4012282230210993,0.5987717769789006,NA,NA,NA,NA,NA,NA,NA
Traditional Right,CC24_323b,8328.330877867524,1151.4325905370574,NA,NA,NA,NA,NA,NA,NA,0.8785378354244064,0.12146216457559364,NA,NA,NA,NA,NA,NA,NA
Traditional Right,CC24_323c,7390.530638327739,2089.2328300768286,NA,NA,NA,NA,NA,NA,NA,0.7796112912479193,0.2203887087520807,NA,NA,NA,NA,NA,NA,NA
Traditional Right,CC24_323d,5345.962625255988,4133.8008431485905,NA,NA,NA,NA,NA,NA,NA,0.5639341786399762,0.43606582136002375,NA,NA,NA,NA,NA,NA,NA
Traditional Right,CC24_324a,5293.6831508616,4186.080317542982,NA,NA,NA,NA,NA,NA,NA,0.5584193285523518,0.4415806714476483,NA,NA,NA,NA,NA,NA,NA
Traditional Right,CC24_324c,663.4441566104591,8816.319311794132,NA,NA,NA,NA,NA,NA,NA,0.06998530699860535,0.9300146930013946,NA,NA,NA,NA,NA,NA,NA
Traditional Right,CC24_326a,3626.918925610234,5852.844542794324,NA,NA,NA,NA,NA,NA,NA,0.3825959305523309,0.617404069447669,NA,NA,NA,NA,NA,NA,NA
Traditional Right,CC24_326b,4717.1346616785095,4762.628806726072,NA,NA,NA,NA,NA,NA,NA,0.49760045990603086,0.5023995400939693,NA,NA,NA,NA,NA,NA,NA
Traditional Right,CC24_326c,2984.3555591106983,6495.407909293858,NA,NA,NA,NA,NA,NA,NA,0.3148132935022444,0.6851867064977555,NA,NA,NA,NA,NA,NA,NA
Traditional Right,CC24_326d,7213.191038605349,2266.572429799221,NA,NA,NA,NA,NA,NA,NA,0.7609041156613708,0.2390958843386291,NA,NA,NA,NA,NA,NA,NA
Traditional Right,CC24_328c,5686.599944870556,3793.163523534018,NA,NA,NA,NA,NA,NA,NA,0.5998672819025094,0.40013271809749074,NA,NA,NA,NA,NA,NA,NA
Traditional Right,CC24_328d,4946.554164571772,4533.209303832795,NA,NA,NA,NA,NA,NA,NA,0.5218014332381092,0.4781985667618908,NA,NA,NA,NA,NA,NA,NA
Traditional Right,CC24_328e,6538.135395232893,2941.6280731717034,NA,NA,NA,NA,NA,NA,NA,0.6896939377257726,0.3103060622742275,NA,NA,NA,NA,NA,NA,NA
Traditional Right,CC24_330a,20.541629870019637,63.772291060130115,202.54555251258697,2574.585610701742,1726.825013824277,2313.4324306032227,808.313711394117,1769.747228438487,NA,0.00216689265913474,0.00672720276963437,0.02136609770778118,0.2715875368918922,0.18215908229985575,0.24403904573291704,0.08526728689889494,0.1866868550398895,NA
Traditional Right,CC24_340c,5829.284425284415,3650.4790431201577,NA,NA,NA,NA,NA,NA,NA,0.6149187629747341,0.38508123702526587,NA,NA,NA,NA,NA,NA,NA
Traditional Right,CC24_340f,7606.251940261694,1873.5115281428716,NA,NA,NA,NA,NA,NA,NA,0.8023672706194448,0.19763272938055507,NA,NA,NA,NA,NA,NA,NA
Traditional Right,CC24_341b,3485.31303677974,5994.450431624819,NA,NA,NA,NA,NA,NA,NA,0.36765822780241975,0.6323417721975804,NA,NA,NA,NA,NA,NA,NA
Traditional Right,CC24_341c,4649.692995624292,4830.0704727802895,NA,NA,NA,NA,NA,NA,NA,0.49048618260586446,0.5095138173941356,NA,NA,NA,NA,NA,NA,NA
Traditional Right,CC24_420_5,5965.069007779736,3514.6944606248417,NA,NA,NA,NA,NA,NA,NA,0.6292423885533553,0.3707576114466448,NA,NA,NA,NA,NA,NA,NA
Traditional Right,CC24_420_6,2791.767333392602,6687.996135011966,NA,NA,NA,NA,NA,NA,NA,0.2944975729296812,0.7055024270703188,NA,NA,NA,NA,NA,NA,NA
Traditional Right,CC24_421_1,1560.7295829104196,3919.9913591586023,2419.4119268886666,1303.8876339317612,275.7429655151338,NA,NA,NA,NA,0.1646380300639596,0.4135115155798635,0.25521859642937345,0.137544321467253,0.02908753645955056,NA,NA,NA,NA
Traditional Right,CC24_423,94.51987396735043,2435.621883477263,6936.073039861768,NA,NA,NA,NA,13.548671098207992,NA,0.00997069961527824,0.25692855012627963,0.7316715298835493,NA,NA,NA,NA,0.00142922037489276,NA
Traditional Right,CC24_424,328.9429483681582,3088.1240365013477,5441.462768672066,NA,NA,NA,NA,621.2337148630257,NA,0.03469948901831808,0.325759608538109,0.5740082847855951,NA,NA,NA,NA,0.06553261765797799,NA
Traditional Right,CC24_440a,342.4968710679857,1578.595425125115,3240.0993884278296,1937.230734963963,2381.341048819706,NA,NA,NA,NA,0.03612926337344853,0.16652265959867726,0.3417911638013816,0.20435433240719772,0.2512025808192949,NA,NA,NA,NA
Traditional Right,CC24_440b,823.8785802133766,2710.774384286246,2864.7199134747734,2287.4379357701723,792.9526546600079,NA,NA,NA,NA,0.08690919166488797,0.28595379972518065,0.3021931847796303,0.24129694199586849,0.08364688183443252,NA,NA,NA,NA
Traditional Right,CC24_440c,691.8812542210597,1942.754378490308,3621.5660648353696,1870.2792475680892,1353.2825232897487,NA,NA,NA,NA,0.07298507568538543,0.20493700976457693,0.38203126870262216,0.19729176300670437,0.14275488284071114,NA,NA,NA,NA
Traditional Right,CC24_440d,1263.495023180188,3257.776767027842,2999.041241514763,1320.1186944660292,639.3317422157571,NA,NA,NA,NA,0.1332833912355865,0.3436559127119358,0.3163624547711942,0.13925650137431136,0.06744173990697207,NA,NA,NA,NA
Traditional Right,CC24_441a,3787.0038483883136,2949.551097356993,2264.79167677891,333.5205939956368,144.89625188473346,NA,NA,NA,NA,0.39948294712311566,0.31114184517236615,0.2389080365061121,0.03518237507794771,0.01528479612045837,NA,NA,NA,NA
Traditional Right,CC24_441b,229.1530565166886,1176.0760512873,2156.999627535099,2730.7428731148625,3186.791859950629,NA,NA,NA,NA,0.02417286647292841,0.12406175061298558,0.22753728346959665,0.28806023296005717,0.33616786648443225,NA,NA,NA,NA
Traditional Right,CC24_443_1,339.599022997045,1057.355233417123,4456.117669834449,2186.2906890586987,1440.4008530972749,NA,NA,NA,NA,0.03582357557009787,0.1115381451173562,0.47006633495512706,0.23062713498553605,0.1519448093718829,NA,NA,NA,NA
Traditional Right,CC24_444a,7311.377393844984,2168.3860745596025,NA,NA,NA,NA,NA,NA,NA,0.7712615845546477,0.2287384154453523,NA,NA,NA,NA,NA,NA,NA
Traditional Right,CC24_444b,7650.841288786057,1828.9221796185088,NA,NA,NA,NA,NA,NA,NA,0.8070709057547493,0.19292909424525068,NA,NA,NA,NA,NA,NA,NA
Traditional Right,CC24_445a,8091.534600495544,1388.228867909022,NA,NA,NA,NA,NA,NA,NA,0.8535587019089771,0.14644129809102288,NA,NA,NA,NA,NA,NA,NA
Traditional Right,comptype,5763.784169652709,607.5920351966714,3108.387263555197,NA,NA,NA,NA,NA,NA,0.6080092809132864,0.06409358600789307,0.32789713307882057,NA,NA,NA,NA,NA,NA
Traditional Right,educ,1125.7789337045758,3336.7409904108767,1873.572019755072,902.621863116489,1571.9695974729498,669.0800639446119,NA,NA,NA,0.1187560151112127,0.3519856799731358,0.19763911051151892,0.0952156523867782,0.1658237151920742,0.07057982682528013,NA,NA,NA
Traditional Right,gender4,4971.431721583631,4489.674602720865,14.329697812687757,4.327446287408517,NA,NA,NA,NA,NA,0.5244257135901202,0.47360618412945066,0.00151160921477077,4.5649306565839976e-4,NA,NA,NA,NA,NA
Traditional Right,hispanic,1219.8725036271728,8259.890964777409,NA,NA,NA,NA,NA,NA,NA,0.1286817448233731,0.8713182551766269,NA,NA,NA,NA,NA,NA,NA
Traditional Right,multrace_1,2408.190589644707,7071.5728787598655,NA,NA,NA,NA,NA,NA,NA,0.25403488153170145,0.7459651184682985,NA,NA,NA,NA,NA,NA,NA
Traditional Right,multrace_2,220.85135754061469,9258.912110863956,NA,NA,NA,NA,NA,NA,NA,0.02329713797993987,0.9767028620200602,NA,NA,NA,NA,NA,NA,NA
Traditional Right,multrace_3,285.0727214033431,9194.690747001228,NA,NA,NA,NA,NA,NA,NA,0.03007171248032419,0.9699282875196756,NA,NA,NA,NA,NA,NA,NA
Traditional Right,multrace_4,144.49379244775622,9335.26967595682,NA,NA,NA,NA,NA,NA,NA,0.0152423415340841,0.984757658465916,NA,NA,NA,NA,NA,NA,NA
Traditional Right,multrace_5,198.6943898017163,9281.06907860286,NA,NA,NA,NA,NA,NA,NA,0.02095984677929482,0.9790401532207051,NA,NA,NA,NA,NA,NA,NA
Traditional Right,multrace_8,9.97830512473494,9469.785163279836,NA,NA,NA,NA,NA,NA,NA,0.00105259009446722,0.9989474099055328,NA,NA,NA,NA,NA,NA,NA
Traditional Right,multrace_97,NA,9358.466132397896,NA,NA,NA,NA,NA,NA,121.29733600667258,NA,0.9872046031094608,NA,NA,NA,NA,NA,NA,0.01279539689053937
Traditional Right,multrace_98,83.27117615065163,9396.49229225392,NA,NA,NA,NA,NA,NA,NA,0.00878409850922852,0.9912159014907715,NA,NA,NA,NA,NA,NA,NA
Traditional Right,newsint,3020.494927880194,2795.9168038067687,2026.3350246118669,1637.0167121057632,NA,NA,NA,NA,NA,0.3186255583219242,0.2949352917006178,0.21375375360002427,0.17268539637743374,NA,NA,NA,NA,NA
Traditional Right,pew_bornagain,1923.6395704156096,7556.12389798897,NA,NA,NA,NA,NA,NA,NA,0.2029206294890133,0.7970793705109867,NA,NA,NA,NA,NA,NA,NA
Traditional Right,pew_churatd,9.42936981718133,163.9366593167138,209.99718142759812,1087.6944819016169,2734.322817968953,4664.2374785519205,610.145479420593,NA,NA,9.94684081370679e-4,0.01729332803113746,0.0221521541257337,0.11473856763692793,0.2884378736961391,0.4920204490436407,0.06436294338505043,NA,NA
Traditional Right,pew_religimp,1272.3399754355714,3052.60134681911,2525.575131342532,2629.2470148073803,NA,NA,NA,NA,NA,0.13421642635664846,0.3220123958781485,0.2664175261081252,0.2773536516570779,NA,NA,NA,NA,NA
Traditional Right,pid3,698.8139496050455,3960.298849437206,3226.0214293694976,323.99351302808117,1270.6357269647508,NA,NA,NA,NA,0.07371639091356508,0.4177634666346494,0.3403061099701076,0.03417738365603002,0.13403664882564792,NA,NA,NA,NA
Traditional Right,pid7,249.06996905750017,449.74398054754494,310.0018916939057,2190.0771210719504,1675.157715027966,1706.2121714261482,2254.086678011063,645.4139415685133,NA,0.0262738590353687,0.04744253187819623,0.03270143740686368,0.23102655761099197,0.1767088093084973,0.1799846775832369,0.23777878905141264,0.06808333812543259,NA
Traditional Right,race,7003.765799931006,631.8241417371777,889.2947983907063,409.1161987042701,124.66928321876968,255.1494022773187,149.26890357968702,16.674940565639602,NA,0.7388122945550377,0.06664977916833113,0.09380980879477292,0.0431567939503794,0.01315109639963952,0.02691516546037407,0.01574605780800232,0.00175900386346305,NA
Traditional Right,region,1813.9297841155692,2196.8396785419095,3255.6644217456874,2213.3295840014225,NA,NA,NA,NA,NA,0.1913475784666226,0.2317399253540268,0.34343308591998073,0.2334794102593699,NA,NA,NA,NA,NA
Traditional Right,votereg,5686.482275215421,3143.058068185202,650.2231250039501,NA,NA,NA,NA,NA,NA,0.5998548691819254,0.33155448220420347,0.06859064861387111,NA,NA,NA,NA,NA,NA
