party,variable,value,value_label,respondents,total,pct
Disillusioned Left,educ,1,No HS,164.5677293139831,2732.070743914478,0.060235530020790184
Disillusioned Left,educ,2,HS grad,656.6181508461893,2732.070743914478,0.24033717000512028
Disillusioned Left,educ,3,Some college,605.6363424916216,2732.070743914478,0.2216766691860523
Disillusioned Left,educ,4,2-year,246.2229437004914,2732.070743914478,0.09012319474118234
Disillusioned Left,educ,5,4-year,660.6735208590585,2732.070743914478,0.24182152761990836
Disillusioned Left,educ,6,Post-grad,398.3520567031339,2732.070743914478,0.14580590842694646
Disillusioned Left,faminc_new,1,<10K,214.51860217922882,2732.0707439144767,0.07851868501467471
Disillusioned Left,faminc_new,2,$10-20K,245.74920100885842,2732.0707439144767,0.08994979414652786
Disillusioned Left,faminc_new,3,$20-30K,211.96881886687814,2732.0707439144767,0.0775854063585381
Disillusioned Left,faminc_new,4,$30-40K,224.60311206927744,2732.0707439144767,0.0822098448839831
Disillusioned Left,faminc_new,5,$40-50K,207.79038837745236,2732.0707439144767,0.07605600581181617
Disillusioned Left,faminc_new,6,$50-60K,221.06268043821703,2732.0707439144767,0.08091396642294892
Disillusioned Left,faminc_new,7,$60-70K,136.92212877824076,2732.0707439144767,0.05011661176169269
Disillusioned Left,faminc_new,8,$70-80K,170.81839578871396,2732.0707439144767,0.06252341604594305
Disillusioned Left,faminc_new,9,$80-100K,216.52624078438143,2732.0707439144767,0.07925352638348791
Disillusioned Left,faminc_new,10,$100-120K,203.08816214185032,2732.0707439144767,0.0743348841146288
Disillusioned Left,faminc_new,11,$120-150K,140.75247337581183,2732.0707439144767,0.05151860495901488
Disillusioned Left,faminc_new,12,$150-200K,130.80359774423866,2732.0707439144767,0.04787709031166042
Disillusioned Left,faminc_new,13,$200-250K,65.33876735363725,2732.0707439144767,0.02391547418718034
Disillusioned Left,faminc_new,14,$250-350K,45.35834302658151,2732.0707439144767,0.01660218467168703
Disillusioned Left,faminc_new,15,$350-500K,16.90402858542981,2732.0707439144767,0.006187258738845807
Disillusioned Left,faminc_new,16,>500K,12.229873251319423,2732.0707439144767,0.004476411629735698
Disillusioned Left,faminc_new,97,Prefer not to say,267.3502466258672,2732.0707439144767,0.0978562678954686
Disillusioned Left,gender4,1,Man,1136.2519669842954,2732.0707439144776,0.41589405015050507
Disillusioned Left,gender4,2,Woman,1509.2668318888987,2732.0707439144776,0.5524259703928601
Disillusioned Left,gender4,3,Non-binary,81.82303501476147,2732.0707439144776,0.029949090885372325
Disillusioned Left,gender4,4,Other,4.728910026521971,2732.0707439144776,0.0017308885712624142
Disillusioned Left,race,1,White,1701.9117880455788,2732.070743914477,0.6229384037131852
Disillusioned Left,race,2,Black,393.6798031435902,2732.070743914477,0.14409575741056055
Disillusioned Left,race,3,Hispanic,269.1310352098905,2732.070743914477,0.0985080769996032
Disillusioned Left,race,4,Asian,135.73250695015378,2732.070743914477,0.04968118312913008
Disillusioned Left,race,5,Native American,37.657383307354316,2732.070743914477,0.013783458349764136
Disillusioned Left,race,6,2+ races,152.31312552835533,2732.070743914477,0.05575006645330236
Disillusioned Left,race,7,Other,22.635098882179996,2732.070743914477,0.008284960750960902
Disillusioned Left,race,8,Middle Eastern,19.01000284737417,2732.070743914477,0.006958093193493545
Faith-Based Conservatives,educ,1,No HS,379.2473760677838,3321.1530019334195,0.11419147984058663
Faith-Based Conservatives,educ,2,HS grad,1000.0080171595905,3321.1530019334195,0.3011026642185508
Faith-Based Conservatives,educ,3,Some college,679.7793473872462,3321.1530019334195,0.20468173161293998
Faith-Based Conservatives,educ,4,2-year,286.7385209117269,3321.1530019334195,0.08633704040277614
Faith-Based Conservatives,educ,5,4-year,641.7741112954834,3321.1530019334195,0.19323834551490782
Faith-Based Conservatives,educ,6,Post-grad,333.60562911158917,3321.1530019334195,0.10044873841023874
Faith-Based Conservatives,faminc_new,1,<10K,221.27655445623893,3321.1530019334227,0.06662642592118517
Faith-Based Conservatives,faminc_new,2,$10-20K,250.0476284104313,3321.1530019334227,0.07528940348874774
Faith-Based Conservatives,faminc_new,3,$20-30K,316.0414410499566,3321.1530019334227,0.09516015698944667
Faith-Based Conservatives,faminc_new,4,$30-40K,252.9944844384095,3321.1530019334227,0.0761767025762221
Faith-Based Conservatives,faminc_new,5,$40-50K,205.72849673619694,3321.1530019334227,0.06194490185078232
Faith-Based Conservatives,faminc_new,6,$50-60K,263.97107569769224,3321.1530019334227,0.0794817569512818
Faith-Based Conservatives,faminc_new,7,$60-70K,185.51664686783437,3321.1530019334227,0.05585910879740714
Faith-Based Conservatives,faminc_new,8,$70-80K,217.29101113406122,3321.1530019334227,0.06542637782949608
Faith-Based Conservatives,faminc_new,9,$80-100K,261.03389928007783,3321.1530019334227,0.07859737239691032
Faith-Based Conservatives,faminc_new,10,$100-120K,241.5274552010123,3321.1530019334227,0.07272397720322012
Faith-Based Conservatives,faminc_new,11,$120-150K,247.90406919479435,3321.1530019334227,0.07464397727249422
Faith-Based Conservatives,faminc_new,12,$150-200K,152.45470036348777,3321.1530019334227,0.045904148431203155
Faith-Based Conservatives,faminc_new,13,$200-250K,84.85196634707563,3321.1530019334227,0.025548948301291362
Faith-Based Conservatives,faminc_new,14,$250-350K,41.71820774514976,3321.1530019334227,0.012561362792037385
Faith-Based Conservatives,faminc_new,15,$350-500K,23.85377586174267,3321.1530019334227,0.007182377881373154
Faith-Based Conservatives,faminc_new,16,>500K,19.153307311865376,3321.1530019334227,0.005767065624713827
Faith-Based Conservatives,faminc_new,97,Prefer not to say,334.50926912476507,3321.1530019334227,0.10072082464434164
Faith-Based Conservatives,gender4,1,Man,1862.5391719252511,3321.15300193342,0.5608110107667331
Faith-Based Conservatives,gender4,2,Woman,1448.304262394917,3321.15300193342,0.43608477584494965
Faith-Based Conservatives,gender4,3,Non-binary,2.672387069665138,3321.15300193342,8.046564154404809e-4
Faith-Based Conservatives,gender4,4,Other,7.6371805435869895,3321.15300193342,0.0022995569728768836
Faith-Based Conservatives,race,1,White,2391.742567180538,3321.1530019334255,0.7201542855111382
Faith-Based Conservatives,race,2,Black,318.3516721363227,3321.1530019334255,0.09585576814768627
Faith-Based Conservatives,race,3,Hispanic,316.11338282978613,3321.1530019334255,0.09518181867735669
Faith-Based Conservatives,race,4,Asian,59.4997196456862,3321.1530019334255,0.017915380475108537
Faith-Based Conservatives,race,5,Native American,40.56274733838219,3321.1530019334255,0.012213453374405932
Faith-Based Conservatives,race,6,2+ races,88.47635912690843,3321.1530019334255,0.026640253874302536
Faith-Based Conservatives,race,7,Other,93.936736482327575,3321.1530019334255,0.02828437486247753
Faith-Based Conservatives,race,8,Middle Eastern,12.469817193474805,3321.1530019334255,0.003754665077524414
MAGA Right,educ,1,No HS,344.20728999744415,4114.412476428002,0.08365891654506007
MAGA Right,educ,2,HS grad,1189.1311018093938,4114.412476428002,0.2890160159250145
MAGA Right,educ,3,Some college,945.1340816739979,4114.412476428002,0.22971301178206913
MAGA Right,educ,4,2-year,403.13290086111425,4114.412476428002,0.09798067237320382
MAGA Right,educ,5,4-year,841.6257470810074,4114.412476428002,0.20455551112164602
MAGA Right,educ,6,Post-grad,391.18135500504496,4114.412476428002,0.09507587225300652
MAGA Right,faminc_new,1,<10K,403.70175626763114,4114.412476428006,0.09811893158026572
MAGA Right,faminc_new,2,$10-20K,202.730894225487,4114.412476428006,0.04927335200030579
MAGA Right,faminc_new,3,$20-30K,408.94621262255686,4114.412476428006,0.09939358656076946
MAGA Right,faminc_new,4,$30-40K,268.8258958022026,4114.412476428006,0.06533761438415338
MAGA Right,faminc_new,5,$40-50K,265.3223854294921,4114.412476428006,0.06448609295970151
MAGA Right,faminc_new,6,$50-60K,321.83029197510365,4114.412476428006,0.07822023042631493
MAGA Right,faminc_new,7,$60-70K,184.49501793457688,4114.412476428006,0.04484115751436502
MAGA Right,faminc_new,8,$70-80K,264.8579862561853,4114.412476428006,0.06437322163822673
MAGA Right,faminc_new,9,$80-100K,315.00464908505336,4114.412476428006,0.07656127111458931
MAGA Right,faminc_new,10,$100-120K,246.3452780939618,4114.412476428006,0.059873743701027875
MAGA Right,faminc_new,11,$120-150K,275.2447580985136,4114.412476428006,0.06689770645880207
MAGA Right,faminc_new,12,$150-200K,205.65027655975314,4114.412476428006,0.049982902234024865
MAGA Right,faminc_new,13,$200-250K,96.89255548556403,4114.412476428006,0.023549548335436432
MAGA Right,faminc_new,14,$250-350K,59.964126533639856,4114.412476428006,0.014574165054471809
MAGA Right,faminc_new,15,$350-500K,31.363110509442766,4114.412476428006,0.007622743390247338
MAGA Right,faminc_new,16,>500K,21.935143458253187,4114.412476428006,0.005331294220966522
MAGA Right,faminc_new,97,Prefer not to say,538.2443479785792,4114.412476428006,0.13081924844974824
MAGA Right,gender4,1,Man,2127.2662438768157,4114.412476428012,0.5170279489633556
MAGA Right,gender4,2,Woman,1977.8003934835185,4114.412476428012,0.48070056291501795
MAGA Right,gender4,3,Non-binary,4.0874728113228675,4114.412476428012,9.93452366465568e-4
MAGA Right,gender4,4,Other,5.258366256354373,4114.412476428012,0.0012780357551607224
MAGA Right,race,1,White,2953.2565377755686,4114.412476428008,0.7177832934094845
MAGA Right,race,2,Black,312.0440251064612,4114.412476428008,0.07584169717892922
MAGA Right,race,3,Hispanic,334.4231055079321,4114.412476428008,0.08128088941589708
MAGA Right,race,4,Asian,141.68055347454447,4114.412476428008,0.034435184679769075
MAGA Right,race,5,Native American,68.20475281671175,4114.412476428008,0.016577033344970987
MAGA Right,race,6,2+ races,183.76490639595448,4114.412476428008,0.04466370531607295
MAGA Right,race,7,Other,118.34532534186113,4114.412476428008,0.028763602584786174
MAGA Right,race,8,Middle Eastern,2.6932700089733275,4114.412476428008,6.545940700898157e-4
Moderate Left,educ,1,No HS,462.2568876924228,7719.2288905650275,0.05988381666689855
Moderate Left,educ,2,HS grad,1744.1494227769963,7719.2288905650275,0.2259486598342505
Moderate Left,educ,3,Some college,1728.9129735805457,7719.2288905650275,0.22397482936329846
Moderate Left,educ,4,2-year,809.7192220342457,7719.2288905650275,0.10489638712798635
Moderate Left,educ,5,4-year,1833.1366561365342,7719.2288905650275,0.23747665500334106
Moderate Left,educ,6,Post-grad,1141.0537283442825,7719.2288905650275,0.14781965200422503
Moderate Left,faminc_new,1,<10K,476.09488951178986,7719.228890565035,0.06167648300903544
Moderate Left,faminc_new,2,$10-20K,571.1928651961526,7719.228890565035,0.07399610418267338
Moderate Left,faminc_new,3,$20-30K,633.4281673524674,7719.228890565035,0.08205847712673559
Moderate Left,faminc_new,4,$30-40K,682.2552022779021,7719.228890565035,0.08838385439144066
Moderate Left,faminc_new,5,$40-50K,540.2354437112303,7719.228890565035,0.06998567491262538
Moderate Left,faminc_new,6,$50-60K,561.9516597512526,7719.228890565035,0.07279893726666248
Moderate Left,faminc_new,7,$60-70K,489.5353207255773,7719.228890565035,0.06341764542361486
Moderate Left,faminc_new,8,$70-80K,514.1483438719637,7719.228890565035,0.06660617934265307
Moderate Left,faminc_new,9,$80-100K,591.1345421384062,7719.228890565035,0.07657948099724456
Moderate Left,faminc_new,10,$100-120K,496.5524253528193,7719.228890565035,0.06432668759955276
Moderate Left,faminc_new,11,$120-150K,579.8098643029394,7719.228890565035,0.07511240727835165
Moderate Left,faminc_new,12,$150-200K,438.55723502682105,7719.228890565035,0.05681360680505995
Moderate Left,faminc_new,13,$200-250K,203.98847497988095,7719.228890565035,0.026426017141324764
Moderate Left,faminc_new,14,$250-350K,151.10124242964045,7719.228890565035,0.019574655003989666
Moderate Left,faminc_new,15,$350-500K,82.57457189648184,7719.228890565035,0.010697256561132691
Moderate Left,faminc_new,16,>500K,29.064347855187428,7719.228890565035,0.0037651879827934427
Moderate Left,faminc_new,97,Prefer not to say,673.8902049407106,7719.228890565035,0.08730019727286296
Moderate Left,gender4,1,Man,3775.189073380713,7719.228890565041,0.4890629785567056
Moderate Left,gender4,2,Woman,3872.4611761876695,7719.228890565041,0.5016642505472083
Moderate Left,gender4,3,Non-binary,62.47430881385046,7719.228890565041,0.008093335448338726
Moderate Left,gender4,4,Other,9.104332182808722,7719.228890565041,0.0011794354477474619
Moderate Left,race,1,White,4596.953031207647,7719.228890565036,0.5955197204770484
Moderate Left,race,2,Black,1407.7592859258768,7719.228890565036,0.18237045511716016
Moderate Left,race,3,Hispanic,773.158321459707,7719.228890565036,0.1001600460901883
Moderate Left,race,4,Asian,461.5128851929769,7719.228890565036,0.05978743365895902
Moderate Left,race,5,Native American,48.98550692721702,7719.228890565036,0.0063459067766587956
Moderate Left,race,6,2+ races,319.3203351565845,7719.228890565036,0.04136686962954026
Moderate Left,race,7,Other,93.3964253748176,7719.228890565036,0.012099191084872873
Moderate Left,race,8,Middle Eastern,18.143099320210304,7719.228890565036,0.0023503771655723317
Nationalist Right,educ,1,No HS,470.96865303987533,9929.815116658348,0.047429750454243004
Nationalist Right,educ,2,HS grad,2718.004139593542,9929.815116658348,0.2737215252914219
Nationalist Right,educ,3,Some college,2081.243835206265,9929.815116658348,0.2095954265769512
Nationalist Right,educ,4,2-year,1035.064852502212,9929.815116658348,0.10423807899159954
Nationalist Right,educ,5,4-year,2351.960913060084,9929.815116658348,0.23685847978321498
Nationalist Right,educ,6,Post-grad,1272.5727232563704,9929.815116658348,0.12815673890256937
Nationalist Right,faminc_new,1,<10K,318.0762206089799,9929.815116658343,0.03203244137701743
Nationalist Right,faminc_new,2,$10-20K,471.0408136257957,9929.815116658343,0.047437017516627634
Nationalist Right,faminc_new,3,$20-30K,752.7725811225977,9929.815116658343,0.07580932497521932
Nationalist Right,faminc_new,4,$30-40K,757.3996012408359,9929.815116658343,0.07627529740913462
Nationalist Right,faminc_new,5,$40-50K,808.6157629755336,9929.815116658343,0.08143311365576111
Nationalist Right,faminc_new,6,$50-60K,819.6160856411876,9929.815116658343,0.08254092105563905
Nationalist Right,faminc_new,7,$60-70K,694.6181399425192,9929.815116658343,0.06995277674175643
Nationalist Right,faminc_new,8,$70-80K,709.6094060968967,9929.815116658343,0.0714624993275504
Nationalist Right,faminc_new,9,$80-100K,1034.3333534411672,9929.815116658343,0.10416441205495969
Nationalist Right,faminc_new,10,$100-120K,790.095847568048,9929.815116658343,0.07956803206160168
Nationalist Right,faminc_new,11,$120-150K,762.7997986263114,9929.815116658343,0.07681913405886398
Nationalist Right,faminc_new,12,$150-200K,515.16286403525,9929.815116658343,0.05188040844496775
Nationalist Right,faminc_new,13,$200-250K,187.65130184448185,9929.815116658343,0.018897763920062965
Nationalist Right,faminc_new,14,$250-350K,115.53969834788269,9929.815116658343,0.011635634399078821
Nationalist Right,faminc_new,15,$350-500K,39.53664704606902,9929.815116658343,0.003981609585030642
Nationalist Right,faminc_new,16,>500K,38.687157139162636,9929.815116658343,0.0038960601667457767
Nationalist Right,faminc_new,97,Prefer not to say,1098.9330277508186,9929.815116658343,0.11067003915382465
Nationalist Right,gender4,1,Man,5201.380982559448,9929.815116658294,0.5238144841018835
Nationalist Right,gender4,2,Woman,4690.140628709547,9929.815116658294,0.47232909914318044
Nationalist Right,gender4,3,Non-binary,17.73146009567555,9929.815116658294,0.001785678775220013
Nationalist Right,gender4,4,Other,20.562045293621335,9929.815116658294,0.0020707379797158935
Nationalist Right,race,1,White,8059.365868041318,9929.815116658283,0.8116330237126879
Nationalist Right,race,2,Black,433.4221943545336,9929.815116658283,0.04364856638946111
Nationalist Right,race,3,Hispanic,663.6087464393631,9929.815116658283,0.06682991965541145
Nationalist Right,race,4,Asian,212.2923129763724,9929.815116658283,0.02137928153568844
Nationalist Right,race,5,Native American,105.0278866809269,9929.815116658283,0.010577023383318774
Nationalist Right,race,6,2+ races,223.77562957449004,9929.815116658283,0.02253572971354557
Nationalist Right,race,7,Other,196.03417346193302,9929.815116658283,0.019741976175675777
Nationalist Right,race,8,Middle Eastern,36.28830512934508,9929.815116658283,0.0036544794342109888
Progressive Left,educ,1,No HS,174.35313068860097,8557.171914336312,0.020375087988649305
Progressive Left,educ,2,HS grad,1095.6000473053396,8557.171914336312,0.12803295975272147
Progressive Left,educ,3,Some college,1691.487020991185,8557.171914336312,0.19766893056774304
Progressive Left,educ,4,2-year,725.7925718753772,8557.171914336312,0.08481687397905564
Progressive Left,educ,5,4-year,2636.6374981699432,8557.171914336312,0.3081201972526269
Progressive Left,educ,6,Post-grad,2233.3016453058663,8557.171914336312,0.26098595045920375
Progressive Left,faminc_new,1,<10K,255.7458270465485,8557.171914336328,0.029886723044336955
Progressive Left,faminc_new,2,$10-20K,373.22146379314455,8557.171914336328,0.043615048000597595
Progressive Left,faminc_new,3,$20-30K,477.8626493983855,8557.171914336328,0.05584352566270106
Progressive Left,faminc_new,4,$30-40K,572.9662918976294,8557.171914336328,0.0669574361288343
Progressive Left,faminc_new,5,$40-50K,572.0845581084797,8557.171914336328,0.06685439580219642
Progressive Left,faminc_new,6,$50-60K,544.1792692547536,8557.171914336328,0.06359335475579946
Progressive Left,faminc_new,7,$60-70K,545.5528842806632,8557.171914336328,0.06375387683478308
Progressive Left,faminc_new,8,$70-80K,627.9603161780351,8557.171914336328,0.07338409493982195
Progressive Left,faminc_new,9,$80-100K,850.178839130375,8557.171914336328,0.09935278239601812
Progressive Left,faminc_new,10,$100-120K,748.8420046456977,8557.171914336328,0.08751045463877138
Progressive Left,faminc_new,11,$120-150K,838.0404706647498,8557.171914336328,0.09793428004651068
Progressive Left,faminc_new,12,$150-200K,736.5034378947497,8557.171914336328,0.08606855690965406
Progressive Left,faminc_new,13,$200-250K,351.483524804131,8557.171914336328,0.04107472986668296
Progressive Left,faminc_new,14,$250-350K,265.08215227459857,8557.171914336328,0.030977775710043995
Progressive Left,faminc_new,15,$350-500K,90.50174080582893,8557.171914336328,0.010576127453301026
Progressive Left,faminc_new,16,>500K,42.34881469876693,8557.171914336328,0.004948926482102983
Progressive Left,faminc_new,97,Prefer not to say,664.5137179976635,8557.171914336328,0.07765576345198406
Progressive Left,gender4,1,Man,3659.485637700088,8557.171914336312,0.4276512934804016
Progressive Left,gender4,2,Woman,4748.7089556754645,8557.171914336312,0.5549390620188062
Progressive Left,gender4,3,Non-binary,126.0776705695216,8557.171914336312,0.014733567565505677
Progressive Left,gender4,4,Other,22.899650391239017,8557.171914336312,0.002676076935286756
Progressive Left,race,1,White,5975.5747946481815,8557.171914336335,0.698311878558493
Progressive Left,race,2,Black,1094.29861932405,8557.171914336335,0.12788087352676727
Progressive Left,race,3,Hispanic,614.0545620707315,8557.171914336335,0.07175905406808174
Progressive Left,race,4,Asian,381.82474135525297,8557.171914336335,0.0446204359544956
Progressive Left,race,5,Native American,27.86483329978813,8557.171914336335,0.0032563133683342895
Progressive Left,race,6,2+ races,304.78158454472265,8557.171914336335,0.035617092609078485
Progressive Left,race,7,Other,111.12982138621199,8557.171914336335,0.01298674638054538
Progressive Left,race,8,Middle Eastern,47.64295770739711,8557.171914336335,0.005567605534204361
Religious Moderates,educ,1,No HS,1223.095178137811,11951.121600365663,0.10234145539113153
Religious Moderates,educ,2,HS grad,4220.613681493233,11951.121600365663,0.35315628295206175
Religious Moderates,educ,3,Some college,2194.020309541746,11951.121600365663,0.18358279523108664
Religious Moderates,educ,4,2-year,1200.630944745828,11951.121600365663,0.10046177964661432
Religious Moderates,educ,5,4-year,2020.264619409626,11951.121600365663,0.16904393470047305
Religious Moderates,educ,6,Post-grad,1092.4968670374185,11951.121600365663,0.09141375207863268
Religious Moderates,faminc_new,1,<10K,983.9735940580482,11951.121600365652,0.08233315892526295
Religious Moderates,faminc_new,2,$10-20K,1097.789872353036,11951.121600365652,0.0918566398252904
Religious Moderates,faminc_new,3,$20-30K,1501.900100025865,11951.121600365652,0.12567022161166141
Religious Moderates,faminc_new,4,$30-40K,1179.9887684590149,11951.121600365652,0.09873456299054914
Religious Moderates,faminc_new,5,$40-50K,967.0893174648021,11951.121600365652,0.08092038135025029
Religious Moderates,faminc_new,6,$50-60K,1013.78498209749,11951.121600365652,0.08482760162581499
Religious Moderates,faminc_new,7,$60-70K,706.6439228719069,11951.121600365652,0.05912783306047917
Religious Moderates,faminc_new,8,$70-80K,763.646623704667,11951.121600365652,0.06389748587959333
Religious Moderates,faminc_new,9,$80-100K,820.1200380819273,11951.121600365652,0.0686228511018443
Religious Moderates,faminc_new,10,$100-120K,639.4610750454056,11951.121600365652,0.053506365044921046
Religious Moderates,faminc_new,11,$120-150K,623.0722596438843,11951.121600365652,0.05213504476641097
Religious Moderates,faminc_new,12,$150-200K,426.36558868860317,11951.121600365652,0.03567578031132729
Religious Moderates,faminc_new,13,$200-250K,233.94732107392514,11951.121600365652,0.019575344381632546
Religious Moderates,faminc_new,14,$250-350K,122.00335444161703,11951.121600365652,0.010208527577686454
Religious Moderates,faminc_new,15,$350-500K,34.51761203818459,11951.121600365652,0.0028882320164099495
Religious Moderates,faminc_new,16,>500K,44.70337427374299,11951.121600365652,0.003740517063467521
Religious Moderates,faminc_new,97,Prefer not to say,789.6770222693499,11951.121600365652,0.06607555748116471
Religious Moderates,gender4,1,Man,5338.0669098304425,11951.121600365645,0.44665823747179717
Religious Moderates,gender4,2,Woman,6567.104368040935,11951.121600365645,0.5494969081261808
Religious Moderates,gender4,3,Non-binary,27.075756798487088,11951.121600365645,0.0022655410683511666
Religious Moderates,gender4,4,Other,18.874565695780564,11951.121600365645,0.0015793133336709667
Religious Moderates,race,1,White,6548.569960951387,11951.121600365652,0.5479460572764174
Religious Moderates,race,2,Black,2178.7444227848237,11951.121600365652,0.1823045983163759
Religious Moderates,race,3,Hispanic,1802.0118922223053,11951.121600365652,0.1507818221987777
Religious Moderates,race,4,Asian,790.7047803204233,11951.121600365652,0.06616155426752843
Religious Moderates,race,5,Native American,127.67120015067687,11951.121600365652,0.010682779777487219
Religious Moderates,race,6,2+ races,326.6854966634909,11951.121600365652,0.027335132850919677
Religious Moderates,race,7,Other,133.34834171880271,11951.121600365652,0.011157809800439386
Religious Moderates,race,8,Middle Eastern,43.38550555374062,11951.121600365652,0.0036302455120541337
Secular Moderates,educ,1,No HS,174.46391644923426,2195.2627873941533,0.07947290750385674
Secular Moderates,educ,2,HS grad,614.246105683643,2195.2627873941533,0.2798052739794185
Secular Moderates,educ,3,Some college,434.65638405655346,2195.2627873941533,0.19799742725676336
Secular Moderates,educ,4,2-year,204.80951211426952,2195.2627873941533,0.09329612531599688
Secular Moderates,educ,5,4-year,490.47057265073653,2195.2627873941533,0.22342225972542482
Secular Moderates,educ,6,Post-grad,276.6162964397164,2195.2627873941533,0.12600600621853966
Secular Moderates,faminc_new,1,<10K,198.3998653372823,2195.2627873941533,0.09037636244578684
Secular Moderates,faminc_new,2,$10-20K,155.96722882861235,2195.2627873941533,0.07104717928269098
Secular Moderates,faminc_new,3,$20-30K,187.71928696612991,2195.2627873941533,0.08551107778260965
Secular Moderates,faminc_new,4,$30-40K,188.4925205821084,2195.2627873941533,0.08586330605360236
Secular Moderates,faminc_new,5,$40-50K,168.98201763235085,2195.2627873941533,0.07697575825668593
Secular Moderates,faminc_new,6,$50-60K,160.25246163403833,2195.2627873941533,0.0729992156539323
Secular Moderates,faminc_new,7,$60-70K,115.55079853714447,2195.2627873941533,0.05263643113738877
Secular Moderates,faminc_new,8,$70-80K,133.8755495335915,2195.2627873941533,0.06098383769922418
Secular Moderates,faminc_new,9,$80-100K,121.43207981921232,2195.2627873941533,0.055315509613022715
Secular Moderates,faminc_new,10,$100-120K,131.65622082470622,2195.2627873941533,0.05997287503833942
Secular Moderates,faminc_new,11,$120-150K,173.07484308043271,2195.2627873941533,0.07884014801065255
Secular Moderates,faminc_new,12,$150-200K,104.45863792608648,2195.2627873941533,0.04758365992714804
Secular Moderates,faminc_new,13,$200-250K,50.93684657158972,2195.2627873941533,0.023203074759014786
Secular Moderates,faminc_new,14,$250-350K,25.88388774240632,2195.2627873941533,0.011790792378497573
Secular Moderates,faminc_new,15,$350-500K,15.829141753941933,2195.2627873941533,0.007210590843537063
Secular Moderates,faminc_new,16,>500K,21.660620902396442,2195.2627873941533,0.009866983136040987
Secular Moderates,faminc_new,97,Prefer not to say,241.09077972212296,2195.2627873941533,0.10982319798182585
Secular Moderates,gender4,1,Man,982.1626650000255,2195.2627873941515,0.4474009538356383
Secular Moderates,gender4,2,Woman,1184.7031766030334,2195.2627873941515,0.5396634896769306
Secular Moderates,gender4,3,Non-binary,26.310732023700623,2195.2627873941515,0.011985231187256775
Secular Moderates,gender4,4,Other,2.0862137673919405,2195.2627873941515,9.50325300174356e-4
Secular Moderates,race,1,White,1328.360586735406,2195.2627873941506,0.6051032224311578
Secular Moderates,race,2,Black,365.12965004900644,2195.2627873941506,0.166326169306786
Secular Moderates,race,3,Hispanic,279.74738678447216,2195.2627873941506,0.12743230031086233
Secular Moderates,race,4,Asian,78.7926135628648,2195.2627873941506,0.035892110054119866
Secular Moderates,race,5,Native American,18.7446992248431,2195.2627873941506,0.0085387040369293
Secular Moderates,race,6,2+ races,73.46352996103167,2195.2627873941506,0.033464572160964524
Secular Moderates,race,7,Other,37.00562221054331,2195.2627873941506,0.01685703525930497
Secular Moderates,race,8,Middle Eastern,14.018698865983016,2195.2627873941506,0.006385886439875235
Traditional Right,educ,1,No HS,1125.7789337045758,9479.763468404575,0.1187560151112127
Traditional Right,educ,2,HS grad,3336.7409904108767,9479.763468404575,0.3519856799731358
Traditional Right,educ,3,Some college,1873.5720197550718,9479.763468404575,0.19763911051151892
Traditional Right,educ,4,2-year,902.621863116489,9479.763468404575,0.0952156523867782
Traditional Right,educ,5,4-year,1571.9695974729498,9479.763468404575,0.1658237151920742
Traditional Right,educ,6,Post-grad,669.0800639446119,9479.763468404575,0.07057982682528013
Traditional Right,faminc_new,1,<10K,744.2545021180918,9479.763468404573,0.07850981773950826
Traditional Right,faminc_new,2,$10-20K,670.6452666808531,9479.763468404573,0.07074493671873455
Traditional Right,faminc_new,3,$20-30K,1122.7645920486746,9479.763468404573,0.11843803864840878
Traditional Right,faminc_new,4,$30-40K,880.7629182790024,9479.763468404573,0.09290979898544169
Traditional Right,faminc_new,5,$40-50K,725.9861810869018,9479.763468404573,0.07658273157411215
Traditional Right,faminc_new,6,$50-60K,767.3748797267391,9479.763468404573,0.08094873698951972
Traditional Right,faminc_new,7,$60-70K,469.0288114019434,9479.763468404573,0.049476847493630564
Traditional Right,faminc_new,8,$70-80K,545.1756211141578,9479.763468404573,0.057509411804544726
Traditional Right,faminc_new,9,$80-100K,711.5657834305875,9479.763468404573,0.07506155462656736
Traditional Right,faminc_new,10,$100-120K,547.047249532451,9479.763468404573,0.05770684588868946
Traditional Right,faminc_new,11,$120-150K,611.8382730232051,9479.763468404573,0.06454151256647087
Traditional Right,faminc_new,12,$150-200K,379.31666848547724,9479.763468404573,0.04001330515784647
Traditional Right,faminc_new,13,$200-250K,170.4941273358809,9479.763468404573,0.017985061326068585
Traditional Right,faminc_new,14,$250-350K,106.9498464837547,9479.763468404573,0.011281910866258581
Traditional Right,faminc_new,15,$350-500K,49.277346015903994,9479.763468404573,0.005198161977368121
Traditional Right,faminc_new,16,>500K,39.83464447316634,9479.763468404573,0.004202071560744378
Traditional Right,faminc_new,97,Prefer not to say,930.3371985913657,9479.763468404573,0.09813928392750708
Traditional Right,gender4,1,Man,4971.431721583631,9479.763468404592,0.5244257135901202
Traditional Right,gender4,2,Woman,4489.674602720865,9479.763468404592,0.47360618412945066
Traditional Right,gender4,3,Non-binary,14.329697812687755,9479.763468404592,0.0015116092147707762
Traditional Right,gender4,4,Other,4.327446287408517,9479.763468404592,4.5649306565839976e-4
Traditional Right,race,1,White,7003.765799931006,9479.763468404573,0.7388122945550377
Traditional Right,race,2,Black,631.8241417371777,9479.763468404573,0.06664977916833113
Traditional Right,race,3,Hispanic,889.2947983907063,9479.763468404573,0.09380980879477291
Traditional Right,race,4,Asian,409.1161987042701,9479.763468404573,0.0431567939503794
Traditional Right,race,5,Native American,124.66928321876969,9479.763468404573,0.013151096399639526
Traditional Right,race,6,2+ races,255.1494022773187,9479.763468404573,0.026915165460374074
Traditional Right,race,7,Other,149.26890357968702,9479.763468404573,0.015746057808002322
Traditional Right,race,8,Middle Eastern,16.674940565639602,9479.763468404573,0.0017590038634630579
