inputstate,state_name,party,weighted_n,n,pct,total,weighted_total,moe,majority
1,Alabama,Disillusioned Left,28.060285495244788,31,0.029271803431357567,901,958.6114350981554,0.011006956198860059,no
1,Alabama,Faith-Based Conservatives,102.81636716213357,78,0.10725551917874405,901,958.6114350981554,0.02020538302382625,no
1,Alabama,MAGA Right,31.845925965703145,35,0.03322089096761331,901,958.6114350981554,0.011702076756112975,no
1,Alabama,Moderate Left,101.17188364084545,98,0.10554003419590559,901,958.6114350981554,0.020062393519378365,no
1,Alabama,Nationalist Right,218.96890088085132,209,0.22842300108638947,901,958.6114350981554,0.027412789345540672,yes
1,Alabama,Progressive Left,64.78458841130944,91,0.06758169790106451,901,958.6114350981554,0.016391308340026268,no
1,Alabama,Religious Moderates,214.45268912482257,183,0.22371179945591202,901,958.6114350981554,0.02721132027299191,no
1,Alabama,Secular Moderates,52.90747390709884,60,0.055191782582565865,901,958.6114350981554,0.014910860850961495,no
1,Alabama,Traditional Right,143.60332051014635,116,0.14980347120044768,901,958.6114350981554,0.02330313107670457,no
2,Alaska,Disillusioned Left,2.6559353387177334,5,0.017683023988050627,128,150.19689734699745,0.022832590056841847,no
2,Alaska,Faith-Based Conservatives,6.578215628456198,10,0.043797280400930345,128,150.19689734699745,0.03545272693877382,no
2,Alaska,MAGA Right,2.691334531074764,4,0.0179187092317694,128,150.19689734699745,0.022981489140191536,no
2,Alaska,Moderate Left,24.420041025212466,22,0.16258685403331097,128,150.19689734699745,0.06392396242785224,no
2,Alaska,Nationalist Right,28.76345823979741,27,0.19150500941005233,128,150.19689734699745,0.06816788546622965,no
2,Alaska,Progressive Left,17.15970781019397,16,0.11424808443645929,128,150.19689734699745,0.055110150901782666,no
2,Alaska,Religious Moderates,36.81743493462951,14,0.24512779947491717,128,150.19689734699745,0.07452192861166808,yes
2,Alaska,Secular Moderates,6.297610626263511,7,0.0419290327396993,128,150.19689734699745,0.03472220911690803,no
2,Alaska,Traditional Right,24.813159212651872,23,0.1652042062848105,128,150.19689734699745,0.06433566034886773,no
4,Arizona,Disillusioned Left,82.30062771968846,93,0.049827055781758,1495,1651.7256825320842,0.011029845217062342,no
4,Arizona,Faith-Based Conservatives,119.11306300119216,88,0.0721143130853258,1495,1651.7256825320842,0.01311273994738942,no
4,Arizona,MAGA Right,105.67716278138883,89,0.0639798508305486,1495,1651.7256825320842,0.012405083315523846,no
4,Arizona,Moderate Left,209.37972855707102,212,0.12676422651253647,1495,1651.7256825320842,0.016865514328241685,no
4,Arizona,Nationalist Right,313.3257345594093,221,0.1896959875801429,1495,1651.7256825320842,0.019874149031590724,no
4,Arizona,Progressive Left,230.0732141798577,251,0.13929262989188196,1495,1651.7256825320842,0.017552028077537626,no
4,Arizona,Religious Moderates,234.914903679724,220,0.14222392141993037,1495,1651.7256825320842,0.017705523201749302,no
4,Arizona,Secular Moderates,24.063542857607434,42,0.014568728398482118,1495,1651.7256825320842,0.0060737857526063106,no
4,Arizona,Traditional Right,332.8777051961453,279,0.2015332864993938,1495,1651.7256825320842,0.020334676917351493,yes
5,Arkansas,Disillusioned Left,31.030071196356253,33,0.05607900321231191,532,553.327795055097,0.019550966040787758,no
5,Arkansas,Faith-Based Conservatives,43.33854198360293,38,0.07832345016987181,532,553.327795055097,0.022831551738265635,no
5,Arkansas,MAGA Right,23.046913695214737,22,0.04165146573365227,532,553.327795055097,0.01697763299453322,no
5,Arkansas,Moderate Left,47.956898676311255,67,0.08666996146748059,532,553.327795055097,0.023908285188730862,no
5,Arkansas,Nationalist Right,155.89169248497015,117,0.28173479423611353,532,553.327795055097,0.038226357091692906,yes
5,Arkansas,Progressive Left,25.07221371350977,34,0.04531168312449085,532,553.327795055097,0.017674053139198377,no
5,Arkansas,Religious Moderates,115.77899581545925,104,0.20924124334641583,532,553.327795055097,0.034565743760713454,no
5,Arkansas,Secular Moderates,45.85078933831008,47,0.08286370167568491,532,553.327795055097,0.02342606593957782,no
5,Arkansas,Traditional Right,65.3616781513625,70,0.11812469703397817,532,553.327795055097,0.027426740610203525,no
6,California,Disillusioned Left,230.073391415899,318,0.04269649382477575,4900,5388.57809636802,0.005660815006696452,no
6,California,Faith-Based Conservatives,117.58517074181734,105,0.021821187081072734,4900,5388.57809636802,0.004090782068791898,no
6,California,MAGA Right,731.3629370614589,573,0.13572466130803748,4900,5388.57809636802,0.009589886675803374,no
6,California,Moderate Left,815.1986741947823,821,0.15128270568153,4900,5388.57809636802,0.010033078238321136,no
6,California,Nationalist Right,360.81729633662394,284,0.06695964870209825,4900,5388.57809636802,0.00699865890380916,no
6,California,Progressive Left,1022.245656912728,1112,0.18970601123916836,4900,5388.57809636802,0.010977915566376525,no
6,California,Religious Moderates,1236.3295427949242,909,0.22943520919335442,4900,5388.57809636802,0.011773149114701332,yes
6,California,Secular Moderates,186.5088628729037,190,0.03461188824536354,4900,5388.57809636802,0.0051182518366102246,no
6,California,Traditional Right,688.4565640368827,588,0.12776219472459951,4900,5388.57809636802,0.009347095206416932,no
8,Colorado,Disillusioned Left,100.02198368590373,94,0.0854058932500323,1055,1171.1367902105035,0.016865062714715596,no
8,Colorado,Faith-Based Conservatives,38.32891585722317,36,0.03272795814939246,1055,1171.1367902105035,0.01073652190835864,no
8,Colorado,MAGA Right,130.4515556646353,98,0.11138882900364487,1055,1171.1367902105035,0.018984822674357305,no
8,Colorado,Moderate Left,155.72701875297682,159,0.1329708195103204,1055,1171.1367902105035,0.020489193848176806,no
8,Colorado,Nationalist Right,171.05293667966492,109,0.14605717975004387,1055,1171.1367902105035,0.02131109143931046,no
8,Colorado,Progressive Left,212.6999732525956,242,0.18161838568350697,1055,1171.1367902105035,0.023264176233033354,yes
8,Colorado,Religious Moderates,139.53365005809414,132,0.11914376802475309,1055,1171.1367902105035,0.019548706337020494,no
8,Colorado,Secular Moderates,29.112086873164298,28,0.02485797313901445,1055,1171.1367902105035,0.009394996784815672,no
8,Colorado,Traditional Right,194.20866938624562,157,0.1658291934892917,1055,1171.1367902105035,0.02244335759336373,no
9,Connecticut,Disillusioned Left,45.27321064978587,42,0.07680070817705875,594,589.4894946204349,0.021413772900173243,no
9,Connecticut,Faith-Based Conservatives,22.358899009155397,16,0.0379292577954286,594,589.4894946204349,0.015362203888049894,no
9,Connecticut,MAGA Right,34.999051837868095,34,0.059371799085925284,594,589.4894946204349,0.019004740810685896,no
9,Connecticut,Moderate Left,82.5967813305207,94,0.14011578167937286,594,589.4894946204349,0.027914275792973973,no
9,Connecticut,Nationalist Right,59.103615886451436,55,0.10026237350422594,594,589.4894946204349,0.02415403998901716,no
9,Connecticut,Progressive Left,116.48159033579243,130,0.19759739808559862,594,589.4894946204349,0.03202208631404082,no
9,Connecticut,Religious Moderates,103.81824493825278,124,0.17611551331393968,594,589.4894946204349,0.030633372929317518,no
9,Connecticut,Secular Moderates,8.298458166925826,15,0.014077363960945737,594,589.4894946204349,0.009474252114679105,no
9,Connecticut,Traditional Right,116.55964246568243,84,0.1977298043975046,594,589.4894946204349,0.03203017020382304,yes
10,Delaware,Disillusioned Left,12.931178166654393,17,0.057829935825456855,219,223.60699492531793,0.03091541065603252,no
10,Delaware,Faith-Based Conservatives,7.902994567249268,9,0.03534323499087662,219,223.60699492531793,0.02445533240197928,no
10,Delaware,MAGA Right,16.665907526410507,17,0.07453213854949717,219,223.60699492531793,0.03478455694645534,no
10,Delaware,Moderate Left,36.64033275852233,29,0.1638604050412634,219,223.60699492531793,0.04902418932560016,no
10,Delaware,Nationalist Right,22.61458622413661,20,0.10113541497970406,219,223.60699492531793,0.03993307733226507,no
10,Delaware,Progressive Left,51.467275001074285,49,0.2301684480767864,219,223.60699492531793,0.05575126963628735,yes
10,Delaware,Religious Moderates,46.41366043001836,44,0.2075680165798032,219,223.60699492531793,0.053714956648451787,no
10,Delaware,Secular Moderates,0.757500619283184,2,0.0033876427682245818,219,223.60699492531793,0.007695661406616422,no
10,Delaware,Traditional Right,28.213559631969026,32,0.12617476318838783,219,223.60699492531793,0.04397770429444155,no
11,NA,Disillusioned Left,8.027694186432008,12,0.05338857277790846,170,150.36352853683644,0.03379415857803567,no
11,NA,Faith-Based Conservatives,1.428784806680058,3,0.009502203230951916,170,150.36352853683644,0.014583794128025728,no
11,NA,MAGA Right,1.588583519510291,2,0.010564952385518911,170,150.36352853683644,0.015369474814872766,no
11,NA,Moderate Left,19.654291249016598,31,0.13071182513651666,170,150.36352853683644,0.05067233719109003,no
11,NA,Nationalist Right,2.031822174945331,3,0.013512732739891576,170,150.36352853683644,0.01735597222016789,no
11,NA,Progressive Left,67.41659215718607,76,0.448357343121741,170,150.36352853683644,0.07476058221617757,yes
11,NA,Religious Moderates,33.390415817271474,29,0.22206459333714962,170,150.36352853683644,0.062480290369536715,no
11,NA,Secular Moderates,7.929367391501394,6,0.05273464561959144,170,150.36352853683644,0.03359815686164495,no
11,NA,Traditional Right,8.8959772342932,8,0.059163131650730325,170,150.36352853683644,0.0354661749130898,no
12,Florida,Disillusioned Left,188.81883292190977,216,0.04521800258272314,4402,4175.744662238874,0.006138169123383345,no
12,Florida,Faith-Based Conservatives,307.75444567604575,341,0.07370049429962981,4402,4175.744662238874,0.007718661024403265,no
12,Florida,MAGA Right,151.03632388280462,119,0.03616991365602913,4402,4175.744662238874,0.0055157557663662255,no
12,Florida,Moderate Left,534.1961870538479,673,0.1279283649416036,4402,4175.744662238874,0.009867123347366082,no
12,Florida,Nationalist Right,774.8953942666642,729,0.18557058846869123,4402,4175.744662238874,0.011484506799374421,no
12,Florida,Progressive Left,343.4759988742031,406,0.08225502914013053,4402,4175.744662238874,0.008116584029347852,no
12,Florida,Religious Moderates,950.1383127228443,840,0.22753745489155855,4402,4175.744662238874,0.012385005836689897,yes
12,Florida,Secular Moderates,288.2192106760666,418,0.069022230521522,4402,4175.744662238874,0.007488506352339579,no
12,Florida,Traditional Right,637.2099561644883,660,0.15259792149811208,4402,4175.744662238874,0.010623071970854818,no
13,Georgia,Disillusioned Left,55.58731233967624,115,0.026813219039600187,2055,2073.1308783768136,0.006984297608156538,no
13,Georgia,Faith-Based Conservatives,164.2670357628369,161,0.07923621102564063,2055,2073.1308783768136,0.011678474691756275,no
13,Georgia,MAGA Right,95.2767312856216,64,0.04595789502697477,2055,2073.1308783768136,0.009053447627853813,no
13,Georgia,Moderate Left,259.605873270056,305,0.1252240637471562,2055,2073.1308783768136,0.014310093414411265,no
13,Georgia,Nationalist Right,405.6476423158303,332,0.19566909477197972,2055,2073.1308783768136,0.01715254843050348,no
13,Georgia,Progressive Left,243.4540128119161,308,0.11743301657950886,2055,2073.1308783768136,0.013919354801584172,no
13,Georgia,Religious Moderates,503.63052794426744,451,0.24293233639865125,2055,2073.1308783768136,0.018542153417559142,yes
13,Georgia,Secular Moderates,62.628787628592995,86,0.030209760648410713,2055,2073.1308783768136,0.0074005279777429045,no
13,Georgia,Traditional Right,283.0329550180162,233,0.13652440276207778,2055,2073.1308783768136,0.014845004553548626,no
15,Hawaii,Disillusioned Left,5.8135733795130715,7,0.02634191562368896,183,220.69668214581162,0.023203710626760177,no
15,Hawaii,Faith-Based Conservatives,2.122075932560974,3,0.0096153504073022,183,220.69668214581162,0.014138880845694876,no
15,Hawaii,MAGA Right,15.214910040099198,15,0.06894036599085296,183,220.69668214581162,0.03670760653965418,no
15,Hawaii,Moderate Left,36.74647456667827,39,0.1665021612894041,183,220.69668214581162,0.053975006478454685,no
15,Hawaii,Nationalist Right,12.898091813807255,7,0.058442617661490906,183,220.69668214581162,0.03398746339413157,no
15,Hawaii,Progressive Left,43.21953913667016,38,0.19583230122198,183,220.69668214581162,0.057497108196930935,no
15,Hawaii,Religious Moderates,48.720936923860165,37,0.22075971623203122,183,220.69668214581162,0.06009331165058674,no
15,Hawaii,Secular Moderates,4.687515710902371,6,0.02123962927455967,183,220.69668214581162,0.020890179944603467,no
15,Hawaii,Traditional Right,51.27356464172017,31,0.23232594229869005,183,220.69668214581162,0.06118821900249492,yes
16,Idaho,Disillusioned Left,2.4844839609675757,5,0.007105792699345693,313,349.64205488239884,0.009305541660783389,no
16,Idaho,Faith-Based Conservatives,39.21779587405378,34,0.11216555710738109,313,349.64205488239884,0.03496066267491921,no
16,Idaho,MAGA Right,15.325564492480503,7,0.04383215428028306,313,349.64205488239884,0.02268022601574075,no
16,Idaho,Moderate Left,23.259182076839526,38,0.0665228388634848,313,349.64205488239884,0.02760712223759903,no
16,Idaho,Nationalist Right,101.42243053741163,82,0.29007503279754143,313,349.64205488239884,0.05027421552459525,yes
16,Idaho,Progressive Left,34.059178729691915,31,0.09741156206494561,313,349.64205488239884,0.03284989905698405,no
16,Idaho,Religious Moderates,43.747454421451096,48,0.1251206878879757,313,349.64205488239884,0.0366540980970631,no
16,Idaho,Secular Moderates,34.397314378667474,19,0.09837865296334825,313,349.64205488239884,0.03299487073657128,no
16,Idaho,Traditional Right,55.72865041083536,49,0.1593877213356944,313,349.64205488239884,0.04055171240553874,no
17,Illinois,Disillusioned Left,120.54463609182562,154,0.05800322652052483,2320,2078.240182883104,0.009511803346666244,no
17,Illinois,Faith-Based Conservatives,24.678553621045854,53,0.011874736050387476,2320,2078.240182883104,0.004407883047496075,no
17,Illinois,MAGA Right,235.10031409944185,234,0.11312470812362581,2320,2078.240182883104,0.012889085144332976,no
17,Illinois,Moderate Left,291.95123778379184,316,0.14048002737526388,2320,2078.240182883104,0.014139933172320877,no
17,Illinois,Nationalist Right,191.26174693008923,177,0.09203062692434104,2320,2078.240182883104,0.011762885480745444,no
17,Illinois,Progressive Left,359.2929108035924,479,0.1728832469715565,2320,2078.240182883104,0.015387637365674906,no
17,Illinois,Religious Moderates,450.3742131150962,499,0.2167094144480935,2320,2078.240182883104,0.01676534217334445,yes
17,Illinois,Secular Moderates,59.55058547266797,86,0.028654332623890735,2320,2078.240182883104,0.0067888174630045825,no
17,Illinois,Traditional Right,345.485984965553,322,0.16623968096231626,2320,2078.240182883104,0.015149560655869459,no
18,Indiana,Disillusioned Left,46.10210433016903,65,0.03901701493053067,1267,1181.5897349464913,0.010662342596837068,no
18,Indiana,Faith-Based Conservatives,80.87947178524239,96,0.06844970753652074,1267,1181.5897349464913,0.013904542875623096,no
18,Indiana,MAGA Right,25.91804251288937,39,0.021934891397870075,1267,1181.5897349464913,0.008065278923002133,no
18,Indiana,Moderate Left,146.9404259759097,168,0.12435824519291712,1267,1181.5897349464913,0.01817055898436042,no
18,Indiana,Nationalist Right,287.7321905106546,254,0.2435127709734925,1267,1181.5897349464913,0.023633575771570436,yes
18,Indiana,Progressive Left,94.92793534700377,152,0.08033916725867851,1267,1181.5897349464913,0.014967362331061211,no
18,Indiana,Religious Moderates,230.2626394565889,247,0.19487528762850703,1267,1181.5897349464913,0.021811107940127583,no
18,Indiana,Secular Moderates,69.26300531675153,72,0.05861848936922944,1267,1181.5897349464913,0.012935043904280772,no
18,Indiana,Traditional Right,199.56391971128184,174,0.16889442571225383,1267,1181.5897349464913,0.020630203860927343,no
19,Iowa,Disillusioned Left,24.41892092935446,32,0.04257348790568588,615,573.571068065889,0.015956618217894365,no
19,Iowa,Faith-Based Conservatives,35.633204820043936,38,0.06212517821061116,615,573.571068065889,0.019077645553863303,no
19,Iowa,MAGA Right,20.317110223417686,19,0.035422132242353195,615,573.571068065889,0.014609135255418626,no
19,Iowa,Moderate Left,87.1020224670846,103,0.15185916326079185,615,573.571068065889,0.028364360858874088,no
19,Iowa,Nationalist Right,151.7672562775767,109,0.26460061311903976,615,573.571068065889,0.03486386797466278,yes
19,Iowa,Progressive Left,42.31334888593321,59,0.0737717629806817,615,573.571068065889,0.0206596330278043,no
19,Iowa,Religious Moderates,108.08916913151,121,0.188449479322575,615,573.571068065889,0.030908203626166888,no
19,Iowa,Secular Moderates,30.683978847319164,55,0.0534963852880291,615,573.571068065889,0.017784508646891753,no
19,Iowa,Traditional Right,73.24605648364911,79,0.12770179767023215,615,573.571068065889,0.02637846426612216,no
20,Kansas,Disillusioned Left,23.03480143490109,30,0.04831860937861861,502,476.7273257887713,0.01875889336609555,no
20,Kansas,Faith-Based Conservatives,40.88281425104794,26,0.08575722858639391,502,476.7273257887713,0.02449459985186824,no
20,Kansas,MAGA Right,16.4688652485917,20,0.03454567078013216,502,476.7273257887713,0.015975957439346374,no
20,Kansas,Moderate Left,54.46414535487081,72,0.11424590622061977,502,476.7273257887713,0.027827943976631957,no
20,Kansas,Nationalist Right,102.56891100742634,79,0.21515215398597196,502,476.7273257887713,0.03594759145782769,yes
20,Kansas,Progressive Left,48.712252638586186,93,0.10218053382610094,502,476.7273257887713,0.02649615191315451,no
20,Kansas,Religious Moderates,97.52143814582126,97,0.20456439744557697,502,476.7273257887713,0.03528756986610921,no
20,Kansas,Secular Moderates,6.065519513119702,12,0.012723246990476098,502,476.7273257887713,0.00980443670763363,no
20,Kansas,Traditional Right,87.00857819440631,73,0.18251225278610972,502,476.7273257887713,0.033790206950954346,no
21,Kentucky,Disillusioned Left,48.4658704180209,54,0.05313120467566337,887,912.1921988006529,0.014760939327016465,no
21,Kentucky,Faith-Based Conservatives,77.91935641259677,62,0.085419889048651,887,912.1921988006529,0.01839435819491339,no
21,Kentucky,MAGA Right,45.894594434847214,41,0.05031241715856512,887,912.1921988006529,0.014385409612587028,no
21,Kentucky,Moderate Left,77.45163381694096,92,0.08490714338356992,887,912.1921988006529,0.01834420769563856,no
21,Kentucky,Nationalist Right,224.95224289074753,153,0.24660619021573957,887,912.1921988006529,0.028366599180636998,yes
21,Kentucky,Progressive Left,109.20725093908334,146,0.11971956248109625,887,912.1921988006529,0.02136423504143666,no
21,Kentucky,Religious Moderates,165.3878242050477,180,0.1813080888243717,887,912.1921988006529,0.025354970009942464,no
21,Kentucky,Secular Moderates,11.22641728551887,21,0.012307074430453717,887,912.1921988006529,0.007255755614398412,no
21,Kentucky,Traditional Right,151.68700839784975,138,0.16628842978188949,887,912.1921988006529,0.024503786056462508,no
22,Louisiana,Disillusioned Left,23.307075992369523,25,0.03200666079314421,709,728.1945512217218,0.01295654840363936,no
22,Louisiana,Faith-Based Conservatives,50.05684730673898,54,0.06874103523949274,709,728.1945512217218,0.0186241397235308,no
22,Louisiana,MAGA Right,39.48946508897637,34,0.05422927845686743,709,728.1945512217218,0.01667027635251076,no
22,Louisiana,Moderate Left,71.76520142035368,92,0.09855223621208133,709,728.1945512217218,0.021939992672523043,no
22,Louisiana,Nationalist Right,172.5469781373945,140,0.23695175670829363,709,728.1945512217218,0.03129960945351158,yes
22,Louisiana,Progressive Left,61.71293214640856,71,0.084747863112777,709,728.1945512217218,0.020500653615545344,no
22,Louisiana,Religious Moderates,146.288424762491,127,0.20089195190633727,709,728.1945512217218,0.029492865843212087,no
22,Louisiana,Secular Moderates,42.4242527962883,56,0.05825950321258432,709,728.1945512217218,0.017241774685635404,no
22,Louisiana,Traditional Right,120.6033735707009,110,0.16561971435842204,709,728.1945512217218,0.027363458437576406,no
23,Maine,Disillusioned Left,23.035421613192774,23,0.08039626464631351,287,286.5235308447759,0.03145816759899535,no
23,Maine,Faith-Based Conservatives,18.821117233165875,13,0.06568785878658676,287,286.5235308447759,0.02866181390964996,no
23,Maine,MAGA Right,19.365815626789136,24,0.06758891868214678,287,286.5235308447759,0.029044010518242274,no
23,Maine,Moderate Left,34.57440814445095,38,0.12066865168983845,287,286.5235308447759,0.037686745172712,no
23,Maine,Nationalist Right,28.318148846976374,29,0.09883358886261152,287,286.5235308447759,0.034527879228114296,no
23,Maine,Progressive Left,58.73004100316494,57,0.20497458212247824,287,286.5235308447759,0.04670416744867768,no
23,Maine,Religious Moderates,36.206610094475614,42,0.12636522378362894,287,286.5235308447759,0.03844092814929706,no
23,Maine,Secular Moderates,3.95931596402182,5,0.013818467029037064,287,286.5235308447759,0.013505898737042285,no
23,Maine,Traditional Right,63.51265231853843,56,0.22166644439735878,287,286.5235308447759,0.048056039691959984,yes
24,Maryland,Disillusioned Left,68.95211252163854,74,0.06732471069628547,1068,1024.1724295362305,0.015028752356323968,no
24,Maryland,Faith-Based Conservatives,32.95946305872653,27,0.03218155664827977,1068,1024.1724295362305,0.010584513855395066,no
24,Maryland,MAGA Right,60.47282488131857,59,0.0590455504730801,1068,1024.1724295362305,0.014136709481316522,no
24,Maryland,Moderate Left,172.658853486614,166,0.16858377408655492,1068,1024.1724295362305,0.022453682589391847,no
24,Maryland,Nationalist Right,81.15826274723368,84,0.07924277241478181,1068,1024.1724295362305,0.01620029205816898,no
24,Maryland,Progressive Left,226.83767492056782,275,0.22148387163993985,1068,1024.1724295362305,0.024904355401773676,yes
24,Maryland,Religious Moderates,200.49026604153806,197,0.1957583120376759,1068,1024.1724295362305,0.02379708935493497,no
24,Maryland,Secular Moderates,47.16325173947033,42,0.046050108731033663,1068,1024.1724295362305,0.012570384338679338,no
24,Maryland,Traditional Right,133.47972013912303,144,0.1303293432723685,1068,1024.1724295362305,0.020191517369619456,no
25,Massachusetts,Disillusioned Left,86.9317592820643,90,0.08195445140507547,1119,1060.7326117331631,0.016071611158788173,no
25,Massachusetts,Faith-Based Conservatives,22.10120682849662,26,0.020835794604622166,1119,1060.7326117331631,0.008369004980945083,no
25,Massachusetts,MAGA Right,103.1321432243752,85,0.09722727677417635,1119,1060.7326117331631,0.017358984018487837,no
25,Massachusetts,Moderate Left,160.8501116689256,184,0.15164058301753136,1119,1060.7326117331631,0.02101544997195685,no
25,Massachusetts,Nationalist Right,52.3128692110464,66,0.049317677831711815,1119,1060.7326117331631,0.012687032339134274,no
25,Massachusetts,Progressive Left,253.38573257915175,287,0.23887804501941082,1119,1060.7326117331631,0.024983672077943938,yes
25,Massachusetts,Religious Moderates,191.6172171839697,197,0.18064610728888641,1119,1060.7326117331631,0.02254192977604175,no
25,Massachusetts,Secular Moderates,8.433057601255522,15,0.007950219978130486,1119,1060.7326117331631,0.005203521261464761,no
25,Massachusetts,Traditional Right,181.96851415387806,169,0.1715498440804551,1119,1060.7326117331631,0.022088660690189606,no
26,Michigan,Disillusioned Left,109.07031315646171,119,0.060923091320179916,1951,1790.2951211593181,0.010613753166078876,no
26,Michigan,Faith-Based Conservatives,61.212823934129716,64,0.034191471121527116,1951,1790.2951211593181,0.008063653328251128,no
26,Michigan,MAGA Right,170.41021477430027,164,0.09518554385823827,1951,1790.2951211593181,0.013022450035811182,no
26,Michigan,Moderate Left,203.43429490199537,246,0.11363170937440754,1951,1790.2951211593181,0.014082647610610862,no
26,Michigan,Nationalist Right,268.37184316981507,207,0.14990368906106888,1951,1790.2951211593181,0.01584045539145619,no
26,Michigan,Progressive Left,322.8652908036879,427,0.18034193747599236,1951,1790.2951211593181,0.01706051589861764,no
26,Michigan,Religious Moderates,298.7940880083137,398,0.16689655491817879,1951,1790.2951211593181,0.016546288328278213,no
26,Michigan,Secular Moderates,32.95451356703911,47,0.018407307922338068,1951,1790.2951211593181,0.005964694894111978,no
26,Michigan,Traditional Right,323.1817388435753,279,0.18051869494806908,1951,1790.2951211593181,0.017067034030044555,yes
27,Minnesota,Disillusioned Left,43.038622534667546,62,0.046161538380900376,1016,932.348098530335,0.012902883304902517,no
27,Minnesota,Faith-Based Conservatives,33.662387826571475,24,0.03610495680704842,1016,932.348098530335,0.011471164447501073,no
27,Minnesota,MAGA Right,113.02251659516827,104,0.12122351809729244,1016,932.348098530335,0.020069745813020894,no
27,Minnesota,Moderate Left,122.32492503336263,124,0.13120091650981433,1016,932.348098530335,0.020760477050499257,no
27,Minnesota,Nationalist Right,85.08137655973405,90,0.09125494726041512,1016,932.348098530335,0.017707549168532365,no
27,Minnesota,Progressive Left,195.31209578766422,270,0.20948409300725304,1016,932.348098530335,0.025023038807568336,yes
27,Minnesota,Religious Moderates,142.86119990499853,175,0.15322731942092374,1016,932.348098530335,0.022149337378958828,no
27,Minnesota,Secular Moderates,25.550737485059443,22,0.027404718822653468,1016,932.348098530335,0.010038942614707308,no
27,Minnesota,Traditional Right,171.49423680310883,145,0.183937991693699,1016,932.348098530335,0.023823552211377833,no
28,Mississippi,Disillusioned Left,16.478823002951884,26,0.030298945328431155,503,543.87447564021,0.01497975700697562,no
28,Mississippi,Faith-Based Conservatives,29.389564693773515,34,0.0540374038681963,503,543.87447564021,0.019758605902655112,no
28,Mississippi,MAGA Right,25.080076426405906,27,0.04611372209898881,503,543.87447564021,0.018328860611407,no
28,Mississippi,Moderate Left,56.0839747418923,59,0.1031193359016789,503,543.87447564021,0.026577214597447562,no
28,Mississippi,Nationalist Right,132.85311929185602,100,0.2442716568661746,503,543.87447564021,0.03754840323677066,no
28,Mississippi,Progressive Left,26.234862928138245,38,0.04823698133150383,503,543.87447564021,0.018725203783653253,no
28,Mississippi,Religious Moderates,141.22445899713233,117,0.25966370058255267,503,543.87447564021,0.03831706377145904,yes
28,Mississippi,Secular Moderates,34.161194225640706,33,0.06281080608798308,503,543.87447564021,0.021203272679798962,no
28,Mississippi,Traditional Right,82.36840133241911,69,0.15144744793449066,503,543.87447564021,0.03132870407581552,no
29,Missouri,Disillusioned Left,43.999378191002855,71,0.035792293518707316,1323,1229.2975349010812,0.010010510201007511,no
29,Missouri,Faith-Based Conservatives,80.46503474897125,90,0.06545611006650728,1323,1229.2975349010812,0.013327573819054177,no
29,Missouri,MAGA Right,45.539150221857305,48,0.03704485604904571,1323,1229.2975349010812,0.010177547400919728,no
29,Missouri,Moderate Left,144.24392251778937,190,0.11733849489041427,1323,1229.2975349010812,0.017341773078396027,no
29,Missouri,Nationalist Right,307.96850141128266,268,0.2505239721611125,1323,1229.2975349010812,0.02334961192812934,yes
29,Missouri,Progressive Left,126.94186800529972,180,0.10326374567692796,1323,1229.2975349010812,0.016397681644227523,no
29,Missouri,Religious Moderates,229.31853227009776,203,0.18654436843766264,1323,1229.2975349010812,0.02099104964121748,no
29,Missouri,Secular Moderates,53.37914392861067,80,0.04342247699447796,1323,1229.2975349010812,0.010982305792624944,no
29,Missouri,Traditional Right,197.4420036061698,193,0.16061368220514452,1323,1229.2975349010812,0.019785560671978,no
30,Montana,Disillusioned Left,11.696257125727069,13,0.04140814841350235,231,282.4626933068362,0.02569270636732904,no
30,Montana,Faith-Based Conservatives,30.473087732360128,24,0.10788358411373478,231,282.4626933068362,0.040007234329218586,no
30,Montana,MAGA Right,1.3556390143113428,2,0.004799355973139882,231,282.4626933068362,0.008912445501340745,no
30,Montana,Moderate Left,37.04791352162624,39,0.1311603776339465,231,282.4626933068362,0.04353326291313255,no
30,Montana,Nationalist Right,56.53961828258004,42,0.20016667553743694,231,282.4626933068362,0.05159952656433619,no
30,Montana,Progressive Left,38.8773441436523,32,0.1376370935521041,231,282.4626933068362,0.044428623884189535,no
30,Montana,Religious Moderates,29.97190964917827,23,0.10610926808879538,231,282.4626933068362,0.03971631605538597,no
30,Montana,Secular Moderates,8.25141668208043,9,0.029212412391455198,231,282.4626933068362,0.021716803428294622,no
30,Montana,Traditional Right,68.24950715532043,47,0.24162308429588514,231,282.4626933068362,0.0552028939579171,yes
31,Nebraska,Disillusioned Left,17.444549543968524,25,0.05179915728821557,353,336.7728445253529,0.023119595654684258,no
31,Nebraska,Faith-Based Conservatives,14.088577709080692,16,0.04183406690327752,353,336.7728445253529,0.020885944751599255,no
31,Nebraska,MAGA Right,18.822541683477166,12,0.05589091279020915,353,336.7728445253529,0.023963508792354867,no
31,Nebraska,Moderate Left,39.65689193212846,62,0.11775561057489899,353,336.7728445253529,0.033624356033701994,no
31,Nebraska,Nationalist Right,83.16857802315954,61,0.24695749486683582,353,336.7728445253529,0.04498726275742998,yes
31,Nebraska,Progressive Left,25.31231299856531,44,0.07516138373401347,353,336.7728445253529,0.027504203950435357,no
31,Nebraska,Religious Moderates,60.439229683900564,62,0.17946586450307034,353,336.7728445253529,0.04003206312808497,no
31,Nebraska,Secular Moderates,16.72811526597672,18,0.049671805604021596,353,336.7728445253529,0.022665249247782775,no
31,Nebraska,Traditional Right,61.11204768509595,53,0.18146370373545756,353,336.7728445253529,0.040205232235256086,no
32,Nevada,Disillusioned Left,36.32088809656308,58,0.04343975128754869,739,836.1209956322627,0.01469716878639166,no
32,Nevada,Faith-Based Conservatives,70.85684288069665,50,0.08474472385078156,739,836.1209956322627,0.020079888972526883,no
32,Nevada,MAGA Right,39.30606318857862,30,0.047010018159938605,739,836.1209956322627,0.0152606569306136,no
32,Nevada,Moderate Left,133.88006208304796,131,0.16012044044152937,739,836.1209956322627,0.02644026149905427,no
32,Nevada,Nationalist Right,101.85507767775599,83,0.12181858631684596,739,836.1209956322627,0.02358211486441712,no
32,Nevada,Progressive Left,131.01052667375052,125,0.15668847853136642,739,836.1209956322627,0.02620875558827297,no
32,Nevada,Religious Moderates,164.4180617712756,144,0.19664386210867127,739,836.1209956322627,0.02865682739461061,yes
32,Nevada,Secular Moderates,14.441788093848936,15,0.017272366283456693,739,836.1209956322627,0.00939347655864423,no
32,Nevada,Traditional Right,144.03168516674538,103,0.1722617730198614,739,836.1209956322627,0.027225434205618952,no
33,New Hampshire,Disillusioned Left,16.567679472693452,20,0.05890501157851087,298,281.2609492591545,0.026732574912032698,no
33,New Hampshire,Faith-Based Conservatives,18.782718174969755,18,0.0667803981478542,298,281.2609492591545,0.028344210686623544,no
33,New Hampshire,MAGA Right,4.27357905922581,8,0.015194356239223683,298,281.2609492591545,0.0138887882269157,no
33,New Hampshire,Moderate Left,29.858711481755538,44,0.10616017460086026,298,281.2609492591545,0.034975070763160816,no
33,New Hampshire,Nationalist Right,32.64352476668435,33,0.11606134748769027,298,281.2609492591545,0.03636660890225505,no
33,New Hampshire,Progressive Left,68.6249941165706,64,0.24399048036113744,298,281.2609492591545,0.048763852889170234,yes
33,New Hampshire,Religious Moderates,55.495488064393676,54,0.19730960949456233,298,281.2609492591545,0.045185187601859814,no
33,New Hampshire,Secular Moderates,7.675075348303173,7,0.02728809444936965,298,281.2609492591545,0.018498080277107563,no
33,New Hampshire,Traditional Right,47.33917877455811,50,0.16831052764079127,298,281.2609492591545,0.04247996811867592,no
34,New Jersey,Disillusioned Left,53.3678068877122,67,0.034251516101473395,1604,1558.1151715913818,0.00890073368270602,no
34,New Jersey,Faith-Based Conservatives,59.05399350389943,47,0.03790091681321901,1604,1558.1151715913818,0.009345201016845614,no
34,New Jersey,MAGA Right,141.51581879615262,117,0.0908250053502883,1604,1558.1151715913818,0.014063076744196153,no
34,New Jersey,Moderate Left,214.9888183946202,233,0.13798005584852965,1604,1558.1151715913818,0.016877989197455427,no
34,New Jersey,Nationalist Right,201.6158540118714,155,0.1293972728639507,1604,1558.1151715913818,0.01642579743268999,no
34,New Jersey,Progressive Left,296.87327660824087,342,0.190533589570936,1604,1558.1151715913818,0.019219367011656614,no
34,New Jersey,Religious Moderates,331.2437239386342,345,0.2125925797900538,1604,1558.1151715913818,0.02002293289979931,yes
34,New Jersey,Secular Moderates,22.237017350050557,38,0.014271741752786327,1604,1558.1151715913818,0.005804582418470388,no
34,New Jersey,Traditional Right,237.21886210020025,260,0.15224732190876278,1604,1558.1151715913818,0.017581798789262398,no
35,New Mexico,Disillusioned Left,30.758757206397263,29,0.06267340136998698,422,490.77848870552936,0.023125277293365557,no
35,New Mexico,Faith-Based Conservatives,8.249845546373123,13,0.016809713009493965,422,490.77848870552936,0.012265882074855402,no
35,New Mexico,MAGA Right,57.21419466919173,53,0.11657844829364691,422,490.77848870552936,0.03061913912272691,no
35,New Mexico,Moderate Left,79.65033624667167,63,0.16229386185355496,422,490.77848870552936,0.035180073462816756,no
35,New Mexico,Nationalist Right,47.721391751502225,33,0.09723611130017437,422,490.77848870552936,0.02826836733961508,no
35,New Mexico,Progressive Left,64.37114505075614,86,0.13116130093749748,422,490.77848870552936,0.03220863219440783,no
35,New Mexico,Religious Moderates,90.42155681711122,67,0.1842410759599629,422,490.77848870552936,0.03698911948822806,no
35,New Mexico,Secular Moderates,19.77233056856671,15,0.040287687874662026,422,490.77848870552936,0.018761024515823902,no
35,New Mexico,Traditional Right,92.6189308489593,63,0.18871839940102045,422,490.77848870552936,0.03733299063633372,yes
36,New York,Disillusioned Left,163.62284757291863,202,0.04957381978437684,3453,3300.5898735381347,0.007240076738995111,no
36,New York,Faith-Based Conservatives,75.51382957278206,83,0.022878889067133163,3453,3300.5898735381347,0.004987115732063293,no
36,New York,MAGA Right,300.85676990411304,286,0.09115242469722647,3453,3300.5898735381347,0.00960035784799481,no
36,New York,Moderate Left,426.76507504874166,535,0.12929963776179865,3453,3300.5898735381347,0.011191564418494527,no
36,New York,Nationalist Right,240.07319700740143,212,0.07273645203002761,3453,3300.5898735381347,0.008662344117799283,no
36,New York,Progressive Left,643.8697905153024,737,0.19507718777101288,3453,3300.5898735381347,0.013217159873137697,no
36,New York,Religious Moderates,803.101544732738,774,0.24332061101303595,3453,3300.5898735381347,0.014312094120219186,yes
36,New York,Secular Moderates,85.01149714715064,119,0.0257564557864988,3453,3300.5898735381347,0.005283656813752905,no
36,New York,Traditional Right,561.7753220369868,505,0.17020452208888961,3453,3300.5898735381347,0.012535130547668713,no
37,North Carolina,Disillusioned Left,61.640089069955295,90,0.03221257515848744,1913,1913.5411797002587,0.00791227359501371,no
37,North Carolina,Faith-Based Conservatives,145.32285249794015,124,0.07594446047965575,1913,1913.5411797002587,0.011871228770707523,no
37,North Carolina,MAGA Right,79.48703111880688,86,0.04153923205941035,1913,1913.5411797002587,0.00894159486454767,no
37,North Carolina,Moderate Left,221.51960959042825,280,0.11576422391135976,1913,1913.5411797002587,0.014337380457445191,no
37,North Carolina,Nationalist Right,495.181587923064,343,0.25877759683260665,1913,1913.5411797002587,0.019626198756300204,yes
37,North Carolina,Progressive Left,280.67762551449334,318,0.14667968920243427,1913,1913.5411797002587,0.015854027906543035,no
37,North Carolina,Religious Moderates,374.37498761100136,398,0.1956451168036239,1913,1913.5411797002587,0.017776937438173965,no
37,North Carolina,Secular Moderates,18.142466860820395,44,0.009481095600807645,1913,1913.5411797002587,0.004342694048389999,no
37,North Carolina,Traditional Right,237.19492951374872,230,0.12395600995161414,1913,1913.5411797002587,0.014767104143864966,no
38,North Dakota,Disillusioned Left,3.5985709251538336,6,0.0308740827054799,114,116.55636734156693,0.03175343999773668,no
38,North Dakota,Faith-Based Conservatives,7.886832445676907,10,0.0676653933676969,114,116.55636734156693,0.046107635744282255,no
38,North Dakota,MAGA Right,6.656343606746459,5,0.057108365321991636,114,116.55636734156693,0.04259752844116202,no
38,North Dakota,Moderate Left,12.279178171717922,12,0.10534969862035892,114,116.55636734156693,0.056356881144628404,no
38,North Dakota,Nationalist Right,29.08183896542208,20,0.24950879671977189,114,116.55636734156693,0.079436368103689,yes
38,North Dakota,Progressive Left,7.1835921854351605,9,0.061631915521043454,114,116.55636734156693,0.04414617623816002,no
38,North Dakota,Religious Moderates,22.349407373195728,28,0.19174763149319057,114,116.55636734156693,0.07226735217074737,no
38,North Dakota,Secular Moderates,4.869268848933923,4,0.04177608619754418,114,116.55636734156693,0.03672831660812733,no
38,North Dakota,Traditional Right,22.651334819284898,20,0.1943380300529224,114,116.55636734156693,0.07263718008549022,no
39,Ohio,Disillusioned Left,80.40171723755282,135,0.033967878594176854,2564,2366.9925990413826,0.0070117602315292555,no
39,Ohio,Faith-Based Conservatives,156.20817583240245,144,0.06599436597126065,2564,2366.9925990413826,0.009610040973053282,no
39,Ohio,MAGA Right,130.57964934011875,103,0.0551669022509841,2564,2366.9925990413826,0.008837184234281202,no
39,Ohio,Moderate Left,329.48750742450676,379,0.13920090310292782,2564,2366.9925990413826,0.013398895151776382,no
39,Ohio,Nationalist Right,476.86617631875964,390,0.2014650052188112,2564,2366.9925990413826,0.015525437501308593,yes
39,Ohio,Progressive Left,263.8898870523127,407,0.111487415363777,2564,2366.9925990413826,0.012182650249025508,no
39,Ohio,Religious Moderates,427.1070306652332,518,0.18044290921661899,2564,2366.9925990413826,0.014885265223031359,no
39,Ohio,Secular Moderates,70.56798494647022,106,0.029813352595631188,2564,2366.9925990413826,0.006583094898906689,no
39,Ohio,Traditional Right,431.8844702240261,382,0.1824612676858122,2564,2366.9925990413826,0.014949840992923484,no
40,Oklahoma,Disillusioned Left,17.943365301335582,27,0.0241596280085124,701,742.7003965050048,0.011366626109940076,no
40,Oklahoma,Faith-Based Conservatives,91.6679990748232,67,0.12342527283706045,701,742.7003965050048,0.024349698209557465,no
40,Oklahoma,MAGA Right,35.755539539572574,30,0.04814261539085044,701,742.7003965050048,0.01584702868899748,no
40,Oklahoma,Moderate Left,68.03107949710655,84,0.09159962727534117,701,742.7003965050048,0.021354163690820858,no
40,Oklahoma,Nationalist Right,210.11791575040368,143,0.2829107359295556,701,742.7003965050048,0.033343285175564986,yes
40,Oklahoma,Progressive Left,36.647965146347254,63,0.04934421109616345,701,742.7003965050048,0.016033443876330038,no
40,Oklahoma,Religious Moderates,134.67827580341367,116,0.18133594170298267,701,742.7003965050048,0.028522781196497468,no
40,Oklahoma,Secular Moderates,53.96798812548501,73,0.07266454734566892,701,742.7003965050048,0.019216610182141613,no
40,Oklahoma,Traditional Right,93.8902682665174,98,0.12641742041386494,701,742.7003965050048,0.024600985610895854,no
41,Oregon,Disillusioned Left,95.72334352351614,91,0.08479794984945091,1009,1128.8403044349777,0.017189437159440525,no
41,Oregon,Faith-Based Conservatives,41.63571594413861,27,0.03688361921572129,1009,1128.8403044349777,0.011629649818274754,no
41,Oregon,MAGA Right,152.12587294367634,110,0.1347629707638942,1009,1128.8403044349777,0.021069941270371356,no
41,Oregon,Moderate Left,148.467885339377,158,0.1315224879516418,1009,1128.8403044349777,0.020854019956405713,no
41,Oregon,Nationalist Right,102.7866273695765,71,0.09105506506611193,1009,1128.8403044349777,0.0177513476589216,no
41,Oregon,Progressive Left,270.60265341561006,301,0.23971739169169348,1009,1128.8403044349777,0.026341941929920218,yes
41,Oregon,Religious Moderates,72.21836303682207,79,0.06397571273198804,1009,1128.8403044349777,0.015099466868723673,no
41,Oregon,Secular Moderates,17.336682772712223,23,0.015357958698497935,1009,1128.8403044349777,0.007587809577420273,no
41,Oregon,Traditional Right,227.94316008954877,149,0.20192684403100042,1009,1128.8403044349777,0.02477016323566769,no
42,Pennsylvania,Disillusioned Left,148.0273843298771,165,0.051328965632701326,3040,2883.8957205786724,0.007844375165831202,no
42,Pennsylvania,Faith-Based Conservatives,118.79166089358242,133,0.041191385682193146,3040,2883.8957205786724,0.007064614105827395,no
42,Pennsylvania,MAGA Right,192.08938892523759,170,0.06660760566151594,3040,2883.8957205786724,0.008863664713859487,no
42,Pennsylvania,Moderate Left,404.64411573353095,411,0.1403116322293153,3040,2883.8957205786724,0.012346294813791323,no
42,Pennsylvania,Nationalist Right,505.4039817113464,468,0.1752504357577582,3040,2883.8957205786724,0.01351480799908912,no
42,Pennsylvania,Progressive Left,419.15025244272397,526,0.14534168120288996,3040,2883.8957205786724,0.012528833315200034,no
42,Pennsylvania,Religious Moderates,501.0154816433069,594,0.17372870942184238,3040,2883.8957205786724,0.013468412458936273,no
42,Pennsylvania,Secular Moderates,51.982573691172554,60,0.01802512251751666,3040,2883.8957205786724,0.00472942759189536,no
42,Pennsylvania,Traditional Right,542.7908812078944,513,0.18821446189426705,3040,2883.8957205786724,0.013895252076759559,yes
44,Rhode Island,Disillusioned Left,15.957818268148332,15,0.08005734159418525,212,199.32985470638442,0.03653163435814079,no
44,Rhode Island,Faith-Based Conservatives,6.485352339724289,4,0.0325357801984921,212,199.32985470638442,0.023882853231158057,no
44,Rhode Island,MAGA Right,7.052804746319949,10,0.03538258108254193,212,199.32985470638442,0.024869121620222628,no
44,Rhode Island,Moderate Left,30.158000586968157,32,0.15129695765539639,212,199.32985470638442,0.04823709196868145,no
44,Rhode Island,Nationalist Right,8.203113291484263,14,0.04115346044659271,212,199.32985470638442,0.026740275240086122,no
44,Rhode Island,Progressive Left,41.6332443927058,44,0.20886607504948082,212,199.32985470638442,0.054720127139094,no
44,Rhode Island,Religious Moderates,44.02070081686792,48,0.22084349021229666,212,199.32985470638442,0.05583966365705309,yes
44,Rhode Island,Secular Moderates,2.753665306319939,4,0.013814615529500713,212,199.32985470638442,0.015712193653790153,no
44,Rhode Island,Traditional Right,43.065154957845785,41,0.2160496982315135,212,199.32985470638442,0.05539993290150086,no
45,South Carolina,Disillusioned Left,34.34200188417825,37,0.03590827409852581,992,956.3813005868789,0.01157861674488435,no
45,South Carolina,Faith-Based Conservatives,86.26557667757436,102,0.09019998260593123,992,956.3813005868789,0.017826924803596586,no
45,South Carolina,MAGA Right,53.05573697395538,35,0.05547550641297355,992,956.3813005868789,0.014244837039652333,no
45,South Carolina,Moderate Left,139.18990370833282,143,0.14553808572262925,992,956.3813005868789,0.021944966354118342,no
45,South Carolina,Nationalist Right,200.80836895311285,191,0.2099668498640529,992,956.3813005868789,0.025345348022134995,yes
45,South Carolina,Progressive Left,90.80325394955241,122,0.09494461455261768,992,956.3813005868789,0.018242022271476786,no
45,South Carolina,Religious Moderates,191.358276120416,176,0.20008575659414285,992,956.3813005868789,0.024896026476972238,no
45,South Carolina,Secular Moderates,45.44413028339961,50,0.04751674907854538,992,956.3813005868789,0.013238911198832817,no
45,South Carolina,Traditional Right,115.11405203635722,136,0.1203641810705814,992,956.3813005868789,0.020248848020235185,no
46,South Dakota,Disillusioned Left,6.26113255487701,8,0.037398053811450734,173,167.41867334711262,0.028273585615163205,no
46,South Dakota,Faith-Based Conservatives,17.884456417343095,20,0.10682474099088625,173,167.41867334711262,0.04602960905859657,no
46,South Dakota,MAGA Right,2.0954586076765382,3,0.012516277699393666,173,167.41867334711262,0.016566683971579926,no
46,South Dakota,Moderate Left,16.664043041669146,24,0.09953515165610731,173,167.41867334711262,0.044612302974909986,no
46,South Dakota,Nationalist Right,55.46087843455602,45,0.3312705645419124,173,167.41867334711262,0.07013740018959799,yes
46,South Dakota,Progressive Left,11.465611247935039,18,0.06848466194785302,173,167.41867334711262,0.03763783925230048,no
46,South Dakota,Religious Moderates,26.682607076215866,28,0.15937652916944492,173,167.41867334711262,0.054543871155048156,no
46,South Dakota,Secular Moderates,11.00186959344311,9,0.0657147101544205,173,167.41867334711262,0.03692360307120037,no
46,South Dakota,Traditional Right,19.902616373396796,18,0.11887931002853121,173,167.41867334711262,0.04822851139006967,no
47,Tennessee,Disillusioned Left,54.686586155877585,65,0.03762458281000915,1371,1453.4802002197746,0.010072689600258698,no
47,Tennessee,Faith-Based Conservatives,166.61026272582149,135,0.11462850522534057,1371,1453.4802002197746,0.01686344988242653,no
47,Tennessee,MAGA Right,85.3719410167049,46,0.05873622564916685,1371,1453.4802002197746,0.012446465341237127,no
47,Tennessee,Moderate Left,124.73090078180597,160,0.08581534221308687,1371,1453.4802002197746,0.014826436352446555,no
47,Tennessee,Nationalist Right,413.5536481048608,338,0.2845265095749699,1371,1453.4802002197746,0.023883363335023413,yes
47,Tennessee,Progressive Left,99.59544559108194,141,0.06852205181468762,1371,1453.4802002197746,0.013373306935406863,no
47,Tennessee,Religious Moderates,260.3158079004728,232,0.1790982827706298,1371,1453.4802002197746,0.020296849755330016,no
47,Tennessee,Secular Moderates,93.79410684841204,97,0.06453070831940458,1371,1453.4802002197746,0.01300574779083296,no
47,Tennessee,Traditional Right,154.82150109473721,157,0.1065177916227048,1371,1453.4802002197746,0.016330195175412072,no
48,Texas,Disillusioned Left,187.4662454377117,256,0.03864210026274643,4816,4851.347213609964,0.005443594209382207,no
48,Texas,Faith-Based Conservatives,396.20919651828814,383,0.08166993189165338,4816,4851.347213609964,0.007734697459838205,no
48,Texas,MAGA Right,164.6778298067977,138,0.033944762672276,4816,4851.347213609964,0.005114464873568137,no
48,Texas,Moderate Left,557.3488616858264,613,0.11488537866806163,4816,4851.347213609964,0.009006270148362234,no
48,Texas,Nationalist Right,989.6287880705886,859,0.20399050912997635,4816,4851.347213609964,0.011380908615277727,no
48,Texas,Progressive Left,331.76875741318173,466,0.06838693311466927,4816,4851.347213609964,0.0071288123296333215,no
48,Texas,Religious Moderates,1148.8264674733077,1023,0.23680565766358494,4816,4851.347213609964,0.012006776883852174,yes
48,Texas,Secular Moderates,365.86061978098616,483,0.07541423107268043,4816,4851.347213609964,0.007457840452865088,no
48,Texas,Traditional Right,709.5604474232748,595,0.1462604955243514,4816,4851.347213609964,0.009980195330596473,no
49,Utah,Disillusioned Left,25.660269614880654,34,0.04568652697673427,507,561.6594500157141,0.01817572284797878,no
49,Utah,Faith-Based Conservatives,35.33192146898363,25,0.06290630642464061,507,561.6594500157141,0.021134437447075032,no
49,Utah,MAGA Right,20.065935192949652,15,0.03572615967271315,507,561.6594500157141,0.016156431798125436,no
49,Utah,Moderate Left,52.18825862826465,69,0.09291797480983276,507,561.6594500157141,0.025271163640909946,no
49,Utah,Nationalist Right,140.61278178658455,109,0.25035238307243024,507,561.6594500157141,0.037710000566958876,yes
49,Utah,Progressive Left,62.62691915598116,76,0.11150336588163696,507,561.6594500157141,0.02739832252940632,no
49,Utah,Religious Moderates,99.63493485933384,86,0.17739385468640517,507,561.6594500157141,0.033251967848596596,no
49,Utah,Secular Moderates,25.034530356028743,22,0.04457243683041089,507,561.6594500157141,0.017963218965161586,no
49,Utah,Traditional Right,100.50389895270723,71,0.17894099164519592,507,561.6594500157141,0.033365235669313285,no
50,Vermont,Disillusioned Left,7.536266128025923,8,0.06226056949332515,124,121.04396393023472,0.04252975315906318,no
50,Vermont,Faith-Based Conservatives,3.0600033050632596,4,0.025280098285833837,124,121.04396393023472,0.02762959535610164,no
50,Vermont,MAGA Right,3.6761680185742307,4,0.030370519100754487,124,121.04396393023472,0.03020468020974463,no
50,Vermont,Moderate Left,22.14551116080087,20,0.18295427910444773,124,121.04396393023472,0.06805181214711462,no
50,Vermont,Nationalist Right,10.966419674966781,11,0.09059864960542288,124,121.04396393023472,0.050522390161645274,no
50,Vermont,Progressive Left,36.632867212509446,40,0.30264100763936713,124,121.04396393023472,0.0808606668567911,yes
50,Vermont,Religious Moderates,14.264242434869677,17,0.11784348406741753,124,121.04396393023472,0.05675064984592862,no
50,Vermont,Secular Moderates,3.0629098954420817,5,0.02530411096919653,124,121.04396393023472,0.027642373938096244,no
50,Vermont,Traditional Right,19.699576099982472,15,0.16274728173423486,124,121.04396393023472,0.06497262056189199,no
51,Virginia,Disillusioned Left,71.52205135785962,101,0.044375568319310554,1611,1611.7438957223665,0.010055968110538216,no
51,Virginia,Faith-Based Conservatives,111.28222569542416,119,0.06904460813580351,1611,1611.7438957223665,0.01238048395070759,no
51,Virginia,MAGA Right,60.73799059172858,43,0.03768464130866552,1611,1611.7438957223665,0.009299277393554515,no
51,Virginia,Moderate Left,199.72871733643237,246,0.12392087717317898,1611,1611.7438957223665,0.016089857810451167,no
51,Virginia,Nationalist Right,309.4008910233492,263,0.19196653503358174,1611,1611.7438957223665,0.019232499860019167,no
51,Virginia,Progressive Left,311.75379562767364,341,0.19342638520616137,1611,1611.7438957223665,0.019288042951448436,no
51,Virginia,Religious Moderates,329.8370929742922,282,0.2046460941156304,1611,1611.7438957223665,0.01970108933303606,yes
51,Virginia,Secular Moderates,16.67771596090218,25,0.010347621607356798,1611,1611.7438957223665,0.00494162638315565,no
51,Virginia,Traditional Right,200.8034151547044,191,0.12458766910031102,1611,1611.7438957223665,0.016126947099981595,no
53,Washington,Disillusioned Left,60.57947994826281,86,0.03981614082716378,1382,1521.4804521420028,0.010308817050500194,no
53,Washington,Faith-Based Conservatives,4.516211008154515,16,0.0029683003825625278,1382,1521.4804521420028,0.002868206773602195,no
53,Washington,MAGA Right,170.16995803806725,147,0.11184498479654797,1382,1521.4804521420028,0.016617079341575868,no
53,Washington,Moderate Left,240.80722681720053,225,0.15827165342688576,1382,1521.4804521420028,0.019243745115502225,no
53,Washington,Nationalist Right,134.62179997695347,95,0.08848079499636512,1382,1521.4804521420028,0.014973022236315161,no
53,Washington,Progressive Left,416.97642884959555,386,0.2740596688327865,1382,1521.4804521420028,0.023516629486969552,yes
53,Washington,Religious Moderates,254.15334931218803,205,0.1670434536009848,1382,1521.4804521420028,0.01966653968997826,no
53,Washington,Secular Moderates,31.68446457796792,31,0.020824759551370656,1382,1521.4804521420028,0.007528739306126123,no
53,Washington,Traditional Right,207.97153361361276,191,0.13669024358533288,1382,1521.4804521420028,0.01811148802434267,no
54,West Virginia,Disillusioned Left,11.887171068481427,18,0.026607680055215292,428,446.7571409387666,0.015246903422451026,no
54,West Virginia,Faith-Based Conservatives,44.82602090917057,44,0.10033643964812308,428,446.7571409387666,0.02846450234009264,no
54,West Virginia,MAGA Right,26.269958740857888,22,0.0588014299797359,428,446.7571409387666,0.02228787996113205,no
54,West Virginia,Moderate Left,50.88539477715432,55,0.11389945479154359,428,446.7571409387666,0.030097921929343446,no
54,West Virginia,Nationalist Right,106.28528964098432,81,0.2379039525090702,428,446.7571409387666,0.04034036934470625,yes
54,West Virginia,Progressive Left,18.538724921065388,32,0.04149620279624437,428,446.7571409387666,0.018894494806918505,no
54,West Virginia,Religious Moderates,87.71675811881292,80,0.19634103203027603,428,446.7571409387666,0.03763358740666415,no
54,West Virginia,Secular Moderates,10.523964656260567,21,0.02355634346246074,428,446.7571409387666,0.014368509517650115,no
54,West Virginia,Traditional Right,89.82385810597921,75,0.20105746472733077,428,446.7571409387666,0.03797100215828759,no
55,Wisconsin,Disillusioned Left,46.575638793307625,72,0.036338550747261784,1334,1281.7142631043764,0.010042092114638369,no
55,Wisconsin,Faith-Based Conservatives,34.84651722083669,47,0.02718743032197884,1334,1281.7142631043764,0.008727238084028699,no
55,Wisconsin,MAGA Right,85.42958639632516,64,0.06665259867625285,1334,1281.7142631043764,0.013384691359171494,no
55,Wisconsin,Moderate Left,152.7509285972053,212,0.11917705294722622,1334,1281.7142631043764,0.01738676513595922,no
55,Wisconsin,Nationalist Right,225.22754267899268,184,0.1757236766121961,1334,1281.7142631043764,0.02042347837524966,no
55,Wisconsin,Progressive Left,182.82686409264022,251,0.142642451095008,1334,1281.7142631043764,0.018766511145691757,no
55,Wisconsin,Religious Moderates,269.37201346770644,255,0.21016541769245345,1334,1281.7142631043764,0.021863860953591344,yes
55,Wisconsin,Secular Moderates,20.818481025002377,20,0.0162426849917227,1334,1281.7142631043764,0.006783456662859427,no
55,Wisconsin,Traditional Right,263.8666908323599,229,0.20587013691590003,1334,1281.7142631043764,0.02169804458167525,no
56,Wyoming,Disillusioned Left,2.024406454125624,2,0.017602592855171247,95,115.00615112681534,0.026443941909656394,no
56,Wyoming,Faith-Based Conservatives,13.828973314754233,11,0.12024551016845401,95,115.00615112681534,0.065404773997864,no
56,Wyoming,MAGA Right,0.37664086618949,1,0.00327496279546104,95,115.00615112681534,0.011489076940704791,no
56,Wyoming,Moderate Left,15.955434511452742,11,0.13873548810323158,95,115.00615112681534,0.06951144685050693,no
56,Wyoming,Nationalist Right,37.663176069984345,30,0.32748836215250604,95,115.00615112681534,0.09437177127193579,yes
56,Wyoming,Progressive Left,7.374897903633079,8,0.06412611700656692,95,115.00615112681534,0.049262948768509,no
56,Wyoming,Religious Moderates,11.981438098271473,9,0.10418084581458381,95,115.00615112681534,0.06143252701661384,no
56,Wyoming,Secular Moderates,1.1486286183664,1,0.009987540728146156,95,115.00615112681534,0.019996034642602863,no
56,Wyoming,Traditional Right,24.652555290037956,22,0.2143585803758792,95,115.00615112681534,0.08252335779352868,no
